K;TrainRatio;Metric;Class;Accuracy;Precision;Recall;F1;DurationMs;Status
1;0.10;ChebyshevMetric;canada;0.6959;0.1187;0.0851;0.0991;53322;OK
1;0.10;ChebyshevMetric;france;0.6959;0.0952;0.0987;0.0969;53322;OK
1;0.10;ChebyshevMetric;japan;0.6959;0.1382;0.1542;0.1458;53322;OK
1;0.10;ChebyshevMetric;uk;0.6959;0.2456;0.2781;0.2609;53322;OK
1;0.10;ChebyshevMetric;usa;0.6959;0.8281;0.8334;0.8308;53322;OK
1;0.10;ChebyshevMetric;west-germany;0.6959;0.1227;0.1181;0.1204;53322;OK
1;0.10;EuclideanMetric;canada;0.7258;0.1570;0.1184;0.1350;53977;OK
1;0.10;EuclideanMetric;france;0.7258;0.1659;0.1659;0.1659;53977;OK
1;0.10;EuclideanMetric;japan;0.7258;0.1643;0.1976;0.1794;53977;OK
1;0.10;EuclideanMetric;uk;0.7258;0.3238;0.3375;0.3305;53977;OK
1;0.10;EuclideanMetric;usa;0.7258;0.8493;0.8579;0.8535;53977;OK
1;0.10;EuclideanMetric;west-germany;0.7258;0.2132;0.1910;0.2015;53977;OK
1;0.10;ManhattanMetric;canada;0.7488;0.2116;0.1410;0.1692;55241;OK
1;0.10;ManhattanMetric;france;0.7488;0.1787;0.1659;0.1721;55241;OK
1;0.10;ManhattanMetric;japan;0.7488;0.2372;0.3012;0.2654;55241;OK
1;0.10;ManhattanMetric;uk;0.7488;0.4055;0.4005;0.4030;55241;OK
1;0.10;ManhattanMetric;usa;0.7488;0.8601;0.8730;0.8665;55241;OK
1;0.10;ManhattanMetric;west-germany;0.7488;0.2468;0.2639;0.2550;55241;OK
1;0.20;ChebyshevMetric;canada;0.7127;0.1417;0.1076;0.1223;95451;OK
1;0.20;ChebyshevMetric;france;0.7127;0.1272;0.1503;0.1378;95451;OK
1;0.20;ChebyshevMetric;japan;0.7127;0.1980;0.2141;0.2057;95451;OK
1;0.20;ChebyshevMetric;uk;0.7127;0.2952;0.3209;0.3075;95451;OK
1;0.20;ChebyshevMetric;usa;0.7127;0.8387;0.8436;0.8411;95451;OK
1;0.20;ChebyshevMetric;west-germany;0.7127;0.1717;0.1600;0.1656;95451;OK
1;0.20;EuclideanMetric;canada;0.7424;0.1844;0.1375;0.1575;99899;OK
1;0.20;EuclideanMetric;france;0.7424;0.1981;0.2124;0.2050;99899;OK
1;0.20;EuclideanMetric;japan;0.7424;0.2128;0.2439;0.2273;99899;OK
1;0.20;EuclideanMetric;uk;0.7424;0.3857;0.3499;0.3669;99899;OK
1;0.20;EuclideanMetric;usa;0.7424;0.8541;0.8719;0.8629;99899;OK
1;0.20;EuclideanMetric;west-germany;0.7424;0.2199;0.2120;0.2159;99899;OK
1;0.20;ManhattanMetric;canada;0.7598;0.2144;0.1510;0.1772;98940;OK
1;0.20;ManhattanMetric;france;0.7598;0.2446;0.2332;0.2387;98940;OK
1;0.20;ManhattanMetric;japan;0.7598;0.2729;0.3144;0.2922;98940;OK
1;0.20;ManhattanMetric;uk;0.7598;0.4431;0.4205;0.4315;98940;OK
1;0.20;ManhattanMetric;usa;0.7598;0.8637;0.8809;0.8722;98940;OK
1;0.20;ManhattanMetric;west-germany;0.7598;0.2724;0.2920;0.2819;98940;OK
1;0.30;ChebyshevMetric;canada;0.7206;0.1633;0.1394;0.1504;127435;OK
1;0.30;ChebyshevMetric;france;0.7206;0.1481;0.1677;0.1573;127435;OK
1;0.30;ChebyshevMetric;japan;0.7206;0.2297;0.2531;0.2408;127435;OK
1;0.30;ChebyshevMetric;uk;0.7206;0.3246;0.3856;0.3525;127435;OK
1;0.30;ChebyshevMetric;usa;0.7206;0.8492;0.8415;0.8454;127435;OK
1;0.30;ChebyshevMetric;west-germany;0.7206;0.1902;0.1757;0.1827;127435;OK
1;0.30;EuclideanMetric;canada;0.7464;0.2163;0.1876;0.2009;131355;OK
1;0.30;EuclideanMetric;france;0.7464;0.2135;0.2275;0.2203;131355;OK
1;0.30;EuclideanMetric;japan;0.7464;0.2487;0.2994;0.2717;131355;OK
1;0.30;EuclideanMetric;uk;0.7464;0.3850;0.4183;0.4009;131355;OK
1;0.30;EuclideanMetric;usa;0.7464;0.8662;0.8627;0.8644;131355;OK
1;0.30;EuclideanMetric;west-germany;0.7464;0.2513;0.2252;0.2375;131355;OK
1;0.30;ManhattanMetric;canada;0.7645;0.2426;0.1962;0.2169;149773;OK
1;0.30;ManhattanMetric;france;0.7645;0.2625;0.2515;0.2569;149773;OK
1;0.30;ManhattanMetric;japan;0.7645;0.2815;0.3519;0.3128;149773;OK
1;0.30;ManhattanMetric;uk;0.7645;0.4509;0.4804;0.4652;149773;OK
1;0.30;ManhattanMetric;usa;0.7645;0.8763;0.8737;0.8750;149773;OK
1;0.30;ManhattanMetric;west-germany;0.7645;0.3058;0.3333;0.3190;149773;OK
1;0.40;ChebyshevMetric;canada;0.7311;0.1574;0.1437;0.1503;145710;OK
1;0.40;ChebyshevMetric;france;0.7311;0.1800;0.1837;0.1818;145710;OK
1;0.40;ChebyshevMetric;japan;0.7311;0.2730;0.2909;0.2817;145710;OK
1;0.40;ChebyshevMetric;uk;0.7311;0.3436;0.3957;0.3678;145710;OK
1;0.40;ChebyshevMetric;usa;0.7311;0.8543;0.8495;0.8519;145710;OK
1;0.40;ChebyshevMetric;west-germany;0.7311;0.2286;0.2062;0.2168;145710;OK
1;0.40;EuclideanMetric;canada;0.7504;0.1917;0.1862;0.1889;131177;OK
1;0.40;EuclideanMetric;france;0.7504;0.2384;0.2449;0.2416;131177;OK
1;0.40;EuclideanMetric;japan;0.7504;0.2773;0.3236;0.2987;131177;OK
1;0.40;EuclideanMetric;uk;0.7504;0.4014;0.4370;0.4185;131177;OK
1;0.40;EuclideanMetric;usa;0.7504;0.8692;0.8638;0.8665;131177;OK
1;0.40;EuclideanMetric;west-germany;0.7504;0.2876;0.2268;0.2536;131177;OK
1;0.40;ManhattanMetric;canada;0.7684;0.2356;0.2146;0.2246;152326;OK
1;0.40;ManhattanMetric;france;0.7684;0.2621;0.2585;0.2603;152326;OK
1;0.40;ManhattanMetric;japan;0.7684;0.3200;0.3782;0.3467;152326;OK
1;0.40;ManhattanMetric;uk;0.7684;0.4565;0.4961;0.4755;152326;OK
1;0.40;ManhattanMetric;usa;0.7684;0.8803;0.8730;0.8766;152326;OK
1;0.40;ManhattanMetric;west-germany;0.7684;0.3450;0.3557;0.3503;152326;OK
1;0.50;ChebyshevMetric;canada;0.7396;0.1811;0.1651;0.1727;168551;OK
1;0.50;ChebyshevMetric;france;0.7396;0.2045;0.2160;0.2101;168551;OK
1;0.50;ChebyshevMetric;japan;0.7396;0.2984;0.3348;0.3156;168551;OK
1;0.50;ChebyshevMetric;uk;0.7396;0.3640;0.4228;0.3912;168551;OK
1;0.50;ChebyshevMetric;usa;0.7396;0.8609;0.8534;0.8571;168551;OK
1;0.50;ChebyshevMetric;west-germany;0.7396;0.2206;0.1948;0.2069;168551;OK
1;0.50;EuclideanMetric;canada;0.7582;0.2208;0.2081;0.2143;153806;OK
1;0.50;EuclideanMetric;france;0.7582;0.2541;0.2480;0.2510;153806;OK
1;0.50;EuclideanMetric;japan;0.7582;0.3243;0.3801;0.3500;153806;OK
1;0.50;EuclideanMetric;uk;0.7582;0.3987;0.4537;0.4244;153806;OK
1;0.50;EuclideanMetric;usa;0.7582;0.8735;0.8673;0.8704;153806;OK
1;0.50;EuclideanMetric;west-germany;0.7582;0.2846;0.2273;0.2527;153806;OK
1;0.50;ManhattanMetric;canada;0.7749;0.2453;0.2201;0.2320;164863;OK
1;0.50;ManhattanMetric;france;0.7749;0.2756;0.2800;0.2778;164863;OK
1;0.50;ManhattanMetric;japan;0.7749;0.3487;0.4118;0.3776;164863;OK
1;0.50;ManhattanMetric;uk;0.7749;0.4868;0.5273;0.5063;164863;OK
1;0.50;ManhattanMetric;usa;0.7749;0.8836;0.8759;0.8797;164863;OK
1;0.50;ManhattanMetric;west-germany;0.7749;0.3234;0.3506;0.3364;164863;OK
1;0.60;ChebyshevMetric;canada;0.7443;0.1772;0.1687;0.1728;162851;OK
1;0.60;ChebyshevMetric;france;0.7443;0.2200;0.2056;0.2126;162851;OK
1;0.60;ChebyshevMetric;japan;0.7443;0.3014;0.3976;0.3429;162851;OK
1;0.60;ChebyshevMetric;uk;0.7443;0.3844;0.4169;0.4000;162851;OK
1;0.60;ChebyshevMetric;usa;0.7443;0.8647;0.8567;0.8607;162851;OK
1;0.60;ChebyshevMetric;west-germany;0.7443;0.2342;0.2016;0.2167;162851;OK
1;0.60;EuclideanMetric;canada;0.7668;0.2396;0.2259;0.2326;154404;OK
1;0.60;EuclideanMetric;france;0.7668;0.2857;0.2430;0.2626;154404;OK
1;0.60;EuclideanMetric;japan;0.7668;0.3319;0.4699;0.3890;154404;OK
1;0.60;EuclideanMetric;uk;0.7668;0.4178;0.4532;0.4348;154404;OK
1;0.60;EuclideanMetric;usa;0.7668;0.8796;0.8727;0.8761;154404;OK
1;0.60;EuclideanMetric;west-germany;0.7668;0.3069;0.2403;0.2696;154404;OK
1;0.60;ManhattanMetric;canada;0.7761;0.2483;0.2229;0.2349;165983;OK
1;0.60;ManhattanMetric;france;0.7761;0.2900;0.2710;0.2802;165983;OK
1;0.60;ManhattanMetric;japan;0.7761;0.3596;0.4940;0.4162;165983;OK
1;0.60;ManhattanMetric;uk;0.7761;0.4801;0.5106;0.4949;165983;OK
1;0.60;ManhattanMetric;usa;0.7761;0.8846;0.8764;0.8805;165983;OK
1;0.60;ManhattanMetric;west-germany;0.7761;0.3150;0.3101;0.3125;165983;OK
1;0.70;ChebyshevMetric;canada;0.7476;0.1609;0.1510;0.1558;143816;OK
1;0.70;ChebyshevMetric;france;0.7476;0.1667;0.1519;0.1589;143816;OK
1;0.70;ChebyshevMetric;japan;0.7476;0.3436;0.4148;0.3758;143816;OK
1;0.70;ChebyshevMetric;uk;0.7476;0.3972;0.4571;0.4250;143816;OK
1;0.70;ChebyshevMetric;usa;0.7476;0.8688;0.8572;0.8630;143816;OK
1;0.70;ChebyshevMetric;west-germany;0.7476;0.2581;0.2581;0.2581;143816;OK
1;0.70;EuclideanMetric;canada;0.7677;0.2081;0.1878;0.1974;134315;OK
1;0.70;EuclideanMetric;france;0.7677;0.2500;0.2025;0.2238;134315;OK
1;0.70;EuclideanMetric;japan;0.7677;0.3757;0.4815;0.4221;134315;OK
1;0.70;EuclideanMetric;uk;0.7677;0.4416;0.4939;0.4663;134315;OK
1;0.70;EuclideanMetric;usa;0.7677;0.8797;0.8721;0.8759;134315;OK
1;0.70;EuclideanMetric;west-germany;0.7677;0.2796;0.2796;0.2796;134315;OK
1;0.70;ManhattanMetric;canada;0.7778;0.2190;0.1878;0.2022;145544;OK
1;0.70;ManhattanMetric;france;0.7778;0.2667;0.2532;0.2597;145544;OK
1;0.70;ManhattanMetric;japan;0.7778;0.3916;0.4815;0.4319;145544;OK
1;0.70;ManhattanMetric;uk;0.7778;0.4874;0.5510;0.5172;145544;OK
1;0.70;ManhattanMetric;usa;0.7778;0.8871;0.8764;0.8817;145544;OK
1;0.70;ManhattanMetric;west-germany;0.7778;0.3241;0.3763;0.3483;145544;OK
1;0.80;ChebyshevMetric;canada;0.7553;0.1871;0.1538;0.1688;104768;OK
1;0.80;ChebyshevMetric;france;0.7553;0.1458;0.1321;0.1386;104768;OK
1;0.80;ChebyshevMetric;japan;0.7553;0.3652;0.4421;0.4000;104768;OK
1;0.80;ChebyshevMetric;uk;0.7553;0.4080;0.4494;0.4277;104768;OK
1;0.80;ChebyshevMetric;usa;0.7553;0.8678;0.8678;0.8678;104768;OK
1;0.80;ChebyshevMetric;west-germany;0.7553;0.2456;0.2414;0.2435;104768;OK
1;0.80;EuclideanMetric;canada;0.7694;0.2426;0.1953;0.2164;105612;OK
1;0.80;EuclideanMetric;france;0.7694;0.2093;0.1698;0.1875;105612;OK
1;0.80;EuclideanMetric;japan;0.7694;0.4224;0.5158;0.4645;105612;OK
1;0.80;EuclideanMetric;uk;0.7694;0.4149;0.4937;0.4509;105612;OK
1;0.80;EuclideanMetric;usa;0.7694;0.8775;0.8738;0.8757;105612;OK
1;0.80;EuclideanMetric;west-germany;0.7694;0.2712;0.2759;0.2735;105612;OK
1;0.80;ManhattanMetric;canada;0.7821;0.2671;0.2308;0.2476;109991;OK
1;0.80;ManhattanMetric;france;0.7821;0.2549;0.2453;0.2500;109991;OK
1;0.80;ManhattanMetric;japan;0.7821;0.4495;0.5158;0.4804;109991;OK
1;0.80;ManhattanMetric;uk;0.7821;0.4635;0.5633;0.5086;109991;OK
1;0.80;ManhattanMetric;usa;0.7821;0.8907;0.8766;0.8836;109991;OK
1;0.80;ManhattanMetric;west-germany;0.7821;0.3333;0.3966;0.3622;109991;OK
1;0.90;ChebyshevMetric;canada;0.7673;0.1923;0.1724;0.1818;57576;OK
1;0.90;ChebyshevMetric;france;0.7673;0.1071;0.1364;0.1200;57576;OK
1;0.90;ChebyshevMetric;japan;0.7673;0.4340;0.4600;0.4466;57576;OK
1;0.90;ChebyshevMetric;uk;0.7673;0.4103;0.4324;0.4211;57576;OK
1;0.90;ChebyshevMetric;usa;0.7673;0.8767;0.8775;0.8771;57576;OK
1;0.90;ChebyshevMetric;west-germany;0.7673;0.2857;0.2308;0.2553;57576;OK
1;0.90;EuclideanMetric;canada;0.7799;0.2073;0.1954;0.2012;63954;OK
1;0.90;EuclideanMetric;france;0.7799;0.1667;0.1818;0.1739;63954;OK
1;0.90;EuclideanMetric;japan;0.7799;0.4909;0.5400;0.5143;63954;OK
1;0.90;EuclideanMetric;uk;0.7799;0.4667;0.4730;0.4698;63954;OK
1;0.90;EuclideanMetric;usa;0.7799;0.8846;0.8821;0.8834;63954;OK
1;0.90;EuclideanMetric;west-germany;0.7799;0.3077;0.3077;0.3077;63954;OK
1;0.90;ManhattanMetric;canada;0.7970;0.2771;0.2644;0.2706;58376;OK
1;0.90;ManhattanMetric;france;0.7970;0.2273;0.2273;0.2273;58376;OK
1;0.90;ManhattanMetric;japan;0.7970;0.6000;0.5400;0.5684;58376;OK
1;0.90;ManhattanMetric;uk;0.7970;0.4819;0.5405;0.5096;58376;OK
1;0.90;ManhattanMetric;usa;0.7970;0.8944;0.8895;0.8920;58376;OK
1;0.90;ManhattanMetric;west-germany;0.7970;0.3438;0.4231;0.3793;58376;OK
2;0.10;ChebyshevMetric;canada;0.7203;0.1319;0.0758;0.0963;53470;OK
2;0.10;ChebyshevMetric;france;0.7203;0.0995;0.0942;0.0968;53470;OK
2;0.10;ChebyshevMetric;japan;0.7203;0.1614;0.1590;0.1602;53470;OK
2;0.10;ChebyshevMetric;uk;0.7203;0.2643;0.2571;0.2607;53470;OK
2;0.10;ChebyshevMetric;usa;0.7203;0.8268;0.8666;0.8463;53470;OK
2;0.10;ChebyshevMetric;west-germany;0.7203;0.1774;0.1146;0.1392;53470;OK
2;0.10;EuclideanMetric;canada;0.7258;0.1570;0.1184;0.1350;54753;OK
2;0.10;EuclideanMetric;france;0.7258;0.1659;0.1659;0.1659;54753;OK
2;0.10;EuclideanMetric;japan;0.7258;0.1643;0.1976;0.1794;54753;OK
2;0.10;EuclideanMetric;uk;0.7258;0.3238;0.3375;0.3305;54753;OK
2;0.10;EuclideanMetric;usa;0.7258;0.8493;0.8579;0.8535;54753;OK
2;0.10;EuclideanMetric;west-germany;0.7258;0.2132;0.1910;0.2015;54753;OK
2;0.10;ManhattanMetric;canada;0.7488;0.2116;0.1410;0.1692;54583;OK
2;0.10;ManhattanMetric;france;0.7488;0.1787;0.1659;0.1721;54583;OK
2;0.10;ManhattanMetric;japan;0.7488;0.2372;0.3012;0.2654;54583;OK
2;0.10;ManhattanMetric;uk;0.7488;0.4055;0.4005;0.4030;54583;OK
2;0.10;ManhattanMetric;usa;0.7488;0.8601;0.8730;0.8665;54583;OK
2;0.10;ManhattanMetric;west-germany;0.7488;0.2468;0.2639;0.2550;54583;OK
2;0.20;ChebyshevMetric;canada;0.7321;0.1507;0.0987;0.1192;96169;OK
2;0.20;ChebyshevMetric;france;0.7321;0.1307;0.1347;0.1327;96169;OK
2;0.20;ChebyshevMetric;japan;0.7321;0.2182;0.2141;0.2161;96169;OK
2;0.20;ChebyshevMetric;uk;0.7321;0.3250;0.3071;0.3158;96169;OK
2;0.20;ChebyshevMetric;usa;0.7321;0.8366;0.8703;0.8531;96169;OK
2;0.20;ChebyshevMetric;west-germany;0.7321;0.2191;0.1560;0.1822;96169;OK
2;0.20;EuclideanMetric;canada;0.7424;0.1844;0.1375;0.1575;100092;OK
2;0.20;EuclideanMetric;france;0.7424;0.1981;0.2124;0.2050;100092;OK
2;0.20;EuclideanMetric;japan;0.7424;0.2128;0.2439;0.2273;100092;OK
2;0.20;EuclideanMetric;uk;0.7424;0.3857;0.3499;0.3669;100092;OK
2;0.20;EuclideanMetric;usa;0.7424;0.8541;0.8719;0.8629;100092;OK
2;0.20;EuclideanMetric;west-germany;0.7424;0.2199;0.2120;0.2159;100092;OK
2;0.20;ManhattanMetric;canada;0.7598;0.2144;0.1510;0.1772;99309;OK
2;0.20;ManhattanMetric;france;0.7598;0.2446;0.2332;0.2387;99309;OK
2;0.20;ManhattanMetric;japan;0.7598;0.2729;0.3144;0.2922;99309;OK
2;0.20;ManhattanMetric;uk;0.7598;0.4431;0.4205;0.4315;99309;OK
2;0.20;ManhattanMetric;usa;0.7598;0.8637;0.8809;0.8722;99309;OK
2;0.20;ManhattanMetric;west-germany;0.7598;0.2724;0.2920;0.2819;99309;OK
2;0.30;ChebyshevMetric;canada;0.7405;0.1783;0.1360;0.1543;129226;OK
2;0.30;ChebyshevMetric;france;0.7405;0.1728;0.1677;0.1702;129226;OK
2;0.30;ChebyshevMetric;japan;0.7405;0.2438;0.2438;0.2438;129226;OK
2;0.30;ChebyshevMetric;uk;0.7405;0.3559;0.3693;0.3625;129226;OK
2;0.30;ChebyshevMetric;usa;0.7405;0.8480;0.8687;0.8583;129226;OK
2;0.30;ChebyshevMetric;west-germany;0.7405;0.2327;0.1667;0.1942;129226;OK
2;0.30;EuclideanMetric;canada;0.7464;0.2163;0.1876;0.2009;131071;OK
2;0.30;EuclideanMetric;france;0.7464;0.2135;0.2275;0.2203;131071;OK
2;0.30;EuclideanMetric;japan;0.7464;0.2487;0.2994;0.2717;131071;OK
2;0.30;EuclideanMetric;uk;0.7464;0.3850;0.4183;0.4009;131071;OK
2;0.30;EuclideanMetric;usa;0.7464;0.8662;0.8627;0.8644;131071;OK
2;0.30;EuclideanMetric;west-germany;0.7464;0.2513;0.2252;0.2375;131071;OK
2;0.30;ManhattanMetric;canada;0.7645;0.2426;0.1962;0.2169;138676;OK
2;0.30;ManhattanMetric;france;0.7645;0.2625;0.2515;0.2569;138676;OK
2;0.30;ManhattanMetric;japan;0.7645;0.2815;0.3519;0.3128;138676;OK
2;0.30;ManhattanMetric;uk;0.7645;0.4509;0.4804;0.4652;138676;OK
2;0.30;ManhattanMetric;usa;0.7645;0.8763;0.8737;0.8750;138676;OK
2;0.30;ManhattanMetric;west-germany;0.7645;0.3058;0.3333;0.3190;138676;OK
2;0.40;ChebyshevMetric;canada;0.7499;0.1708;0.1397;0.1537;145234;OK
2;0.40;ChebyshevMetric;france;0.7499;0.2093;0.1837;0.1957;145234;OK
2;0.40;ChebyshevMetric;japan;0.7499;0.2984;0.2800;0.2889;145234;OK
2;0.40;ChebyshevMetric;uk;0.7499;0.3733;0.3799;0.3766;145234;OK
2;0.40;ChebyshevMetric;usa;0.7499;0.8523;0.8754;0.8637;145234;OK
2;0.40;ChebyshevMetric;west-germany;0.7499;0.2815;0.1959;0.2310;145234;OK
2;0.40;EuclideanMetric;canada;0.7504;0.1917;0.1862;0.1889;105342;OK
2;0.40;EuclideanMetric;france;0.7504;0.2384;0.2449;0.2416;105342;OK
2;0.40;EuclideanMetric;japan;0.7504;0.2773;0.3236;0.2987;105342;OK
2;0.40;EuclideanMetric;uk;0.7504;0.4014;0.4370;0.4185;105342;OK
2;0.40;EuclideanMetric;usa;0.7504;0.8692;0.8638;0.8665;105342;OK
2;0.40;EuclideanMetric;west-germany;0.7504;0.2876;0.2268;0.2536;105342;OK
2;0.40;ManhattanMetric;canada;0.7684;0.2356;0.2146;0.2246;155841;OK
2;0.40;ManhattanMetric;france;0.7684;0.2621;0.2585;0.2603;155841;OK
2;0.40;ManhattanMetric;japan;0.7684;0.3200;0.3782;0.3467;155841;OK
2;0.40;ManhattanMetric;uk;0.7684;0.4565;0.4961;0.4755;155841;OK
2;0.40;ManhattanMetric;usa;0.7684;0.8803;0.8730;0.8766;155841;OK
2;0.40;ManhattanMetric;west-germany;0.7684;0.3450;0.3557;0.3503;155841;OK
2;0.50;ChebyshevMetric;canada;0.7584;0.1971;0.1627;0.1782;157499;OK
2;0.50;ChebyshevMetric;france;0.7584;0.2342;0.2080;0.2203;157499;OK
2;0.50;ChebyshevMetric;japan;0.7584;0.3349;0.3303;0.3326;157499;OK
2;0.50;ChebyshevMetric;uk;0.7584;0.3949;0.4062;0.4005;157499;OK
2;0.50;ChebyshevMetric;usa;0.7584;0.8589;0.8790;0.8689;157499;OK
2;0.50;ChebyshevMetric;west-germany;0.7584;0.2642;0.1818;0.2154;157499;OK
2;0.50;EuclideanMetric;canada;0.7582;0.2208;0.2081;0.2143;118232;OK
2;0.50;EuclideanMetric;france;0.7582;0.2541;0.2480;0.2510;118232;OK
2;0.50;EuclideanMetric;japan;0.7582;0.3243;0.3801;0.3500;118232;OK
2;0.50;EuclideanMetric;uk;0.7582;0.3987;0.4537;0.4244;118232;OK
2;0.50;EuclideanMetric;usa;0.7582;0.8735;0.8673;0.8704;118232;OK
2;0.50;EuclideanMetric;west-germany;0.7582;0.2846;0.2273;0.2527;118232;OK
2;0.50;ManhattanMetric;canada;0.7749;0.2453;0.2201;0.2320;162000;OK
2;0.50;ManhattanMetric;france;0.7749;0.2756;0.2800;0.2778;162000;OK
2;0.50;ManhattanMetric;japan;0.7749;0.3487;0.4118;0.3776;162000;OK
2;0.50;ManhattanMetric;uk;0.7749;0.4868;0.5273;0.5063;162000;OK
2;0.50;ManhattanMetric;usa;0.7749;0.8836;0.8759;0.8797;162000;OK
2;0.50;ManhattanMetric;west-germany;0.7749;0.3234;0.3506;0.3364;162000;OK
2;0.60;ChebyshevMetric;canada;0.7625;0.1875;0.1627;0.1742;151471;OK
2;0.60;ChebyshevMetric;france;0.7625;0.2530;0.1963;0.2211;151471;OK
2;0.60;ChebyshevMetric;japan;0.7625;0.3316;0.3855;0.3565;151471;OK
2;0.60;ChebyshevMetric;uk;0.7625;0.4254;0.4048;0.4149;151471;OK
2;0.60;ChebyshevMetric;usa;0.7625;0.8620;0.8820;0.8718;151471;OK
2;0.60;ChebyshevMetric;west-germany;0.7625;0.2791;0.1860;0.2233;151471;OK
2;0.60;EuclideanMetric;canada;0.7668;0.2396;0.2259;0.2326;154576;OK
2;0.60;EuclideanMetric;france;0.7668;0.2857;0.2430;0.2626;154576;OK
2;0.60;EuclideanMetric;japan;0.7668;0.3319;0.4699;0.3890;154576;OK
2;0.60;EuclideanMetric;uk;0.7668;0.4178;0.4532;0.4348;154576;OK
2;0.60;EuclideanMetric;usa;0.7668;0.8796;0.8727;0.8761;154576;OK
2;0.60;EuclideanMetric;west-germany;0.7668;0.3069;0.2403;0.2696;154576;OK
2;0.60;ManhattanMetric;canada;0.7761;0.2483;0.2229;0.2349;158833;OK
2;0.60;ManhattanMetric;france;0.7761;0.2900;0.2710;0.2802;158833;OK
2;0.60;ManhattanMetric;japan;0.7761;0.3596;0.4940;0.4162;158833;OK
2;0.60;ManhattanMetric;uk;0.7761;0.4801;0.5106;0.4949;158833;OK
2;0.60;ManhattanMetric;usa;0.7761;0.8846;0.8764;0.8805;158833;OK
2;0.60;ManhattanMetric;west-germany;0.7761;0.3150;0.3101;0.3125;158833;OK
2;0.70;ChebyshevMetric;canada;0.7659;0.1699;0.1429;0.1552;132867;OK
2;0.70;ChebyshevMetric;france;0.7659;0.1864;0.1392;0.1594;132867;OK
2;0.70;ChebyshevMetric;japan;0.7659;0.3819;0.4074;0.3943;132867;OK
2;0.70;ChebyshevMetric;uk;0.7659;0.4418;0.4490;0.4453;132867;OK
2;0.70;ChebyshevMetric;usa;0.7659;0.8657;0.8826;0.8741;132867;OK
2;0.70;ChebyshevMetric;west-germany;0.7659;0.2895;0.2366;0.2604;132867;OK
2;0.70;EuclideanMetric;canada;0.7677;0.2081;0.1878;0.1974;135032;OK
2;0.70;EuclideanMetric;france;0.7677;0.2500;0.2025;0.2238;135032;OK
2;0.70;EuclideanMetric;japan;0.7677;0.3757;0.4815;0.4221;135032;OK
2;0.70;EuclideanMetric;uk;0.7677;0.4416;0.4939;0.4663;135032;OK
2;0.70;EuclideanMetric;usa;0.7677;0.8797;0.8721;0.8759;135032;OK
2;0.70;EuclideanMetric;west-germany;0.7677;0.2796;0.2796;0.2796;135032;OK
2;0.70;ManhattanMetric;canada;0.7778;0.2190;0.1878;0.2022;137907;OK
2;0.70;ManhattanMetric;france;0.7778;0.2667;0.2532;0.2597;137907;OK
2;0.70;ManhattanMetric;japan;0.7778;0.3916;0.4815;0.4319;137907;OK
2;0.70;ManhattanMetric;uk;0.7778;0.4874;0.5510;0.5172;137907;OK
2;0.70;ManhattanMetric;usa;0.7778;0.8871;0.8764;0.8817;137907;OK
2;0.70;ManhattanMetric;west-germany;0.7778;0.3241;0.3763;0.3483;137907;OK
2;0.80;ChebyshevMetric;canada;0.7724;0.2119;0.1479;0.1742;109552;OK
2;0.80;ChebyshevMetric;france;0.7724;0.1622;0.1132;0.1333;109552;OK
2;0.80;ChebyshevMetric;japan;0.7724;0.3942;0.4316;0.4121;109552;OK
2;0.80;ChebyshevMetric;uk;0.7724;0.4487;0.4430;0.4459;109552;OK
2;0.80;ChebyshevMetric;usa;0.7724;0.8650;0.8915;0.8780;109552;OK
2;0.80;ChebyshevMetric;west-germany;0.7724;0.2500;0.2241;0.2364;109552;OK
2;0.80;EuclideanMetric;canada;0.7694;0.2426;0.1953;0.2164;105481;OK
2;0.80;EuclideanMetric;france;0.7694;0.2093;0.1698;0.1875;105481;OK
2;0.80;EuclideanMetric;japan;0.7694;0.4224;0.5158;0.4645;105481;OK
2;0.80;EuclideanMetric;uk;0.7694;0.4149;0.4937;0.4509;105481;OK
2;0.80;EuclideanMetric;usa;0.7694;0.8775;0.8738;0.8757;105481;OK
2;0.80;EuclideanMetric;west-germany;0.7694;0.2712;0.2759;0.2735;105481;OK
2;0.80;ManhattanMetric;canada;0.7821;0.2671;0.2308;0.2476;109504;OK
2;0.80;ManhattanMetric;france;0.7821;0.2549;0.2453;0.2500;109504;OK
2;0.80;ManhattanMetric;japan;0.7821;0.4495;0.5158;0.4804;109504;OK
2;0.80;ManhattanMetric;uk;0.7821;0.4635;0.5633;0.5086;109504;OK
2;0.80;ManhattanMetric;usa;0.7821;0.8907;0.8766;0.8836;109504;OK
2;0.80;ManhattanMetric;west-germany;0.7821;0.3333;0.3966;0.3622;109504;OK
2;0.90;ChebyshevMetric;canada;0.7822;0.2000;0.1609;0.1783;57120;OK
2;0.90;ChebyshevMetric;france;0.7822;0.1053;0.0909;0.0976;57120;OK
2;0.90;ChebyshevMetric;japan;0.7822;0.4510;0.4600;0.4554;57120;OK
2;0.90;ChebyshevMetric;uk;0.7822;0.4697;0.4189;0.4429;57120;OK
2;0.90;ChebyshevMetric;usa;0.7822;0.8707;0.8987;0.8845;57120;OK
2;0.90;ChebyshevMetric;west-germany;0.7822;0.3333;0.2308;0.2727;57120;OK
2;0.90;EuclideanMetric;canada;0.7799;0.2073;0.1954;0.2012;60684;OK
2;0.90;EuclideanMetric;france;0.7799;0.1667;0.1818;0.1739;60684;OK
2;0.90;EuclideanMetric;japan;0.7799;0.4909;0.5400;0.5143;60684;OK
2;0.90;EuclideanMetric;uk;0.7799;0.4667;0.4730;0.4698;60684;OK
2;0.90;EuclideanMetric;usa;0.7799;0.8846;0.8821;0.8834;60684;OK
2;0.90;EuclideanMetric;west-germany;0.7799;0.3077;0.3077;0.3077;60684;OK
2;0.90;ManhattanMetric;canada;0.7970;0.2771;0.2644;0.2706;58489;OK
2;0.90;ManhattanMetric;france;0.7970;0.2273;0.2273;0.2273;58489;OK
2;0.90;ManhattanMetric;japan;0.7970;0.6000;0.5400;0.5684;58489;OK
2;0.90;ManhattanMetric;uk;0.7970;0.4819;0.5405;0.5096;58489;OK
2;0.90;ManhattanMetric;usa;0.7970;0.8944;0.8895;0.8920;58489;OK
2;0.90;ManhattanMetric;west-germany;0.7970;0.3438;0.4231;0.3793;58489;OK
3;0.10;ChebyshevMetric;canada;0.7532;0.1281;0.0346;0.0545;53180;OK
3;0.10;ChebyshevMetric;france;0.7532;0.0909;0.0404;0.0559;53180;OK
3;0.10;ChebyshevMetric;japan;0.7532;0.1448;0.0771;0.1006;53180;OK
3;0.10;ChebyshevMetric;uk;0.7532;0.3037;0.2410;0.2688;53180;OK
3;0.10;ChebyshevMetric;usa;0.7532;0.8167;0.9183;0.8645;53180;OK
3;0.10;ChebyshevMetric;west-germany;0.7532;0.1984;0.0868;0.1208;53180;OK
3;0.10;EuclideanMetric;canada;0.7715;0.1991;0.0598;0.0920;54929;OK
3;0.10;EuclideanMetric;france;0.7715;0.2263;0.1390;0.1722;54929;OK
3;0.10;EuclideanMetric;japan;0.7715;0.2007;0.1325;0.1597;54929;OK
3;0.10;EuclideanMetric;uk;0.7715;0.3986;0.3399;0.3669;54929;OK
3;0.10;EuclideanMetric;usa;0.7715;0.8386;0.9242;0.8793;54929;OK
3;0.10;EuclideanMetric;west-germany;0.7715;0.2528;0.1563;0.1931;54929;OK
3;0.10;ManhattanMetric;canada;0.7905;0.3284;0.0878;0.1385;54244;OK
3;0.10;ManhattanMetric;france;0.7905;0.2400;0.1345;0.1724;54244;OK
3;0.10;ManhattanMetric;japan;0.7905;0.2741;0.2120;0.2391;54244;OK
3;0.10;ManhattanMetric;uk;0.7905;0.4930;0.3918;0.4366;54244;OK
3;0.10;ManhattanMetric;usa;0.7905;0.8490;0.9371;0.8909;54244;OK
3;0.10;ManhattanMetric;west-germany;0.7905;0.2814;0.1944;0.2300;54244;OK
3;0.20;ChebyshevMetric;canada;0.7600;0.1342;0.0463;0.0689;95994;OK
3;0.20;ChebyshevMetric;france;0.7600;0.1864;0.1140;0.1415;95994;OK
3;0.20;ChebyshevMetric;japan;0.7600;0.2033;0.1328;0.1607;95994;OK
3;0.20;ChebyshevMetric;uk;0.7600;0.3581;0.2531;0.2966;95994;OK
3;0.20;ChebyshevMetric;usa;0.7600;0.8251;0.9192;0.8696;95994;OK
3;0.20;ChebyshevMetric;west-germany;0.7600;0.2266;0.1160;0.1534;95994;OK
3;0.20;EuclideanMetric;canada;0.7774;0.2260;0.0703;0.1072;99810;OK
3;0.20;EuclideanMetric;france;0.7774;0.2483;0.1865;0.2130;99810;OK
3;0.20;EuclideanMetric;japan;0.7774;0.2053;0.1463;0.1709;99810;OK
3;0.20;EuclideanMetric;uk;0.7774;0.4542;0.3292;0.3817;99810;OK
3;0.20;EuclideanMetric;usa;0.7774;0.8429;0.9284;0.8836;99810;OK
3;0.20;EuclideanMetric;west-germany;0.7774;0.2386;0.1880;0.2103;99810;OK
3;0.20;ManhattanMetric;canada;0.7978;0.2696;0.0822;0.1260;98790;OK
3;0.20;ManhattanMetric;france;0.7978;0.3077;0.1865;0.2323;98790;OK
3;0.20;ManhattanMetric;japan;0.7978;0.3169;0.2439;0.2757;98790;OK
3;0.20;ManhattanMetric;uk;0.7978;0.5448;0.3956;0.4583;98790;OK
3;0.20;ManhattanMetric;usa;0.7978;0.8541;0.9406;0.8952;98790;OK
3;0.20;ManhattanMetric;west-germany;0.7978;0.3413;0.2840;0.3100;98790;OK
3;0.30;ChebyshevMetric;canada;0.7693;0.1944;0.0723;0.1054;128972;OK
3;0.30;ChebyshevMetric;france;0.7693;0.1892;0.1257;0.1511;128972;OK
3;0.30;ChebyshevMetric;japan;0.7693;0.2419;0.1605;0.1929;128972;OK
3;0.30;ChebyshevMetric;uk;0.7693;0.3843;0.2958;0.3343;128972;OK
3;0.30;ChebyshevMetric;usa;0.7693;0.8345;0.9222;0.8762;128972;OK
3;0.30;ChebyshevMetric;west-germany;0.7693;0.2190;0.1036;0.1407;128972;OK
3;0.30;EuclideanMetric;canada;0.7812;0.2318;0.0929;0.1327;132765;OK
3;0.30;EuclideanMetric;france;0.7812;0.2545;0.1677;0.2022;132765;OK
3;0.30;EuclideanMetric;japan;0.7812;0.2615;0.2284;0.2438;132765;OK
3;0.30;EuclideanMetric;uk;0.7812;0.4575;0.3873;0.4195;132765;OK
3;0.30;EuclideanMetric;usa;0.7812;0.8524;0.9215;0.8856;132765;OK
3;0.30;EuclideanMetric;west-germany;0.7812;0.2792;0.1937;0.2287;132765;OK
3;0.30;ManhattanMetric;canada;0.7981;0.2977;0.1102;0.1608;135574;OK
3;0.30;ManhattanMetric;france;0.7981;0.3182;0.2096;0.2527;135574;OK
3;0.30;ManhattanMetric;japan;0.7981;0.3278;0.3025;0.3146;135574;OK
3;0.30;ManhattanMetric;uk;0.7981;0.5073;0.4559;0.4802;135574;OK
3;0.30;ManhattanMetric;usa;0.7981;0.8655;0.9287;0.8960;135574;OK
3;0.30;ManhattanMetric;west-germany;0.7981;0.3533;0.2928;0.3202;135574;OK
3;0.40;ChebyshevMetric;canada;0.7778;0.2113;0.0830;0.1192;148214;OK
3;0.40;ChebyshevMetric;france;0.7778;0.2262;0.1293;0.1645;148214;OK
3;0.40;ChebyshevMetric;japan;0.7778;0.2753;0.1782;0.2163;148214;OK
3;0.40;ChebyshevMetric;uk;0.7778;0.4000;0.3228;0.3573;148214;OK
3;0.40;ChebyshevMetric;usa;0.7778;0.8394;0.9273;0.8811;148214;OK
3;0.40;ChebyshevMetric;west-germany;0.7778;0.2857;0.1134;0.1624;148214;OK
3;0.40;EuclideanMetric;canada;0.7859;0.2277;0.1032;0.1421;57095;OK
3;0.40;EuclideanMetric;france;0.7859;0.3011;0.1905;0.2333;57095;OK
3;0.40;EuclideanMetric;japan;0.7859;0.3077;0.2473;0.2742;57095;OK
3;0.40;EuclideanMetric;uk;0.7859;0.4492;0.4094;0.4284;57095;OK
3;0.40;EuclideanMetric;usa;0.7859;0.8570;0.9218;0.8882;57095;OK
3;0.40;EuclideanMetric;west-germany;0.7859;0.3101;0.2062;0.2477;57095;OK
3;0.40;ManhattanMetric;canada;0.8022;0.2977;0.1296;0.1805;153355;OK
3;0.40;ManhattanMetric;france;0.8022;0.3273;0.2449;0.2802;153355;OK
3;0.40;ManhattanMetric;japan;0.8022;0.3668;0.3055;0.3333;153355;OK
3;0.40;ManhattanMetric;uk;0.8022;0.5117;0.4744;0.4923;153355;OK
3;0.40;ManhattanMetric;usa;0.8022;0.8698;0.9286;0.8983;153355;OK
3;0.40;ManhattanMetric;west-germany;0.8022;0.3694;0.2990;0.3305;153355;OK
3;0.50;ChebyshevMetric;canada;0.7832;0.2152;0.0813;0.1181;153792;OK
3;0.50;ChebyshevMetric;france;0.7832;0.2535;0.1440;0.1837;153792;OK
3;0.50;ChebyshevMetric;japan;0.7832;0.2867;0.1855;0.2253;153792;OK
3;0.50;ChebyshevMetric;uk;0.7832;0.4290;0.3515;0.3864;153792;OK
3;0.50;ChebyshevMetric;usa;0.7832;0.8434;0.9303;0.8847;153792;OK
3;0.50;ChebyshevMetric;west-germany;0.7832;0.2388;0.1039;0.1448;153792;OK
3;0.50;EuclideanMetric;canada;0.7947;0.2611;0.1124;0.1572;70399;OK
3;0.50;EuclideanMetric;france;0.7947;0.3418;0.2160;0.2647;70399;OK
3;0.50;EuclideanMetric;japan;0.7947;0.3483;0.2805;0.3108;70399;OK
3;0.50;EuclideanMetric;uk;0.7947;0.4610;0.4347;0.4474;70399;OK
3;0.50;EuclideanMetric;usa;0.7947;0.8620;0.9270;0.8933;70399;OK
3;0.50;EuclideanMetric;west-germany;0.7947;0.3333;0.2143;0.2609;70399;OK
3;0.50;ManhattanMetric;canada;0.8085;0.3313;0.1268;0.1834;159607;OK
3;0.50;ManhattanMetric;france;0.8085;0.3187;0.2320;0.2685;159607;OK
3;0.50;ManhattanMetric;japan;0.8085;0.3819;0.3439;0.3619;159607;OK
3;0.50;ManhattanMetric;uk;0.8085;0.5534;0.4798;0.5140;159607;OK
3;0.50;ManhattanMetric;usa;0.8085;0.8699;0.9346;0.9011;159607;OK
3;0.50;ManhattanMetric;west-germany;0.8085;0.3548;0.2857;0.3165;159607;OK
3;0.60;ChebyshevMetric;canada;0.7848;0.2296;0.0934;0.1328;148674;OK
3;0.60;ChebyshevMetric;france;0.7848;0.3137;0.1495;0.2025;148674;OK
3;0.60;ChebyshevMetric;japan;0.7848;0.2993;0.2470;0.2706;148674;OK
3;0.60;ChebyshevMetric;uk;0.7848;0.4353;0.3656;0.3974;148674;OK
3;0.60;ChebyshevMetric;usa;0.7848;0.8466;0.9267;0.8849;148674;OK
3;0.60;ChebyshevMetric;west-germany;0.7848;0.2679;0.1163;0.1622;148674;OK
3;0.60;EuclideanMetric;canada;0.7973;0.2452;0.1145;0.1561;155322;OK
3;0.60;EuclideanMetric;france;0.7973;0.3651;0.2150;0.2706;155322;OK
3;0.60;EuclideanMetric;japan;0.7973;0.3476;0.3434;0.3455;155322;OK
3;0.60;EuclideanMetric;uk;0.7973;0.4867;0.4411;0.4628;155322;OK
3;0.60;EuclideanMetric;usa;0.7973;0.8643;0.9258;0.8940;155322;OK
3;0.60;EuclideanMetric;west-germany;0.7973;0.4079;0.2403;0.3024;155322;OK
3;0.60;ManhattanMetric;canada;0.8144;0.3453;0.1446;0.2038;154620;OK
3;0.60;ManhattanMetric;france;0.8144;0.3333;0.2243;0.2682;154620;OK
3;0.60;ManhattanMetric;japan;0.8144;0.3977;0.4096;0.4036;154620;OK
3;0.60;ManhattanMetric;uk;0.8144;0.5812;0.4864;0.5296;154620;OK
3;0.60;ManhattanMetric;usa;0.8144;0.8752;0.9372;0.9051;154620;OK
3;0.60;ManhattanMetric;west-germany;0.8144;0.3663;0.2868;0.3217;154620;OK
3;0.70;ChebyshevMetric;canada;0.7838;0.2143;0.0980;0.1345;130993;OK
3;0.70;ChebyshevMetric;france;0.7838;0.2558;0.1392;0.1803;130993;OK
3;0.70;ChebyshevMetric;japan;0.7838;0.3214;0.2667;0.2915;130993;OK
3;0.70;ChebyshevMetric;uk;0.7838;0.4363;0.3633;0.3964;130993;OK
3;0.70;ChebyshevMetric;usa;0.7838;0.8499;0.9224;0.8847;130993;OK
3;0.70;ChebyshevMetric;west-germany;0.7838;0.3200;0.1720;0.2238;130993;OK
3;0.70;EuclideanMetric;canada;0.7947;0.2195;0.1102;0.1467;138010;OK
3;0.70;EuclideanMetric;france;0.7947;0.3333;0.1899;0.2419;138010;OK
3;0.70;EuclideanMetric;japan;0.7947;0.3802;0.3407;0.3594;138010;OK
3;0.70;EuclideanMetric;uk;0.7947;0.5047;0.4367;0.4683;138010;OK
3;0.70;EuclideanMetric;usa;0.7947;0.8630;0.9227;0.8919;138010;OK
3;0.70;EuclideanMetric;west-germany;0.7947;0.3333;0.2581;0.2909;138010;OK
3;0.70;ManhattanMetric;canada;0.8118;0.2883;0.1306;0.1798;134947;OK
3;0.70;ManhattanMetric;france;0.8118;0.3333;0.2152;0.2615;134947;OK
3;0.70;ManhattanMetric;japan;0.8118;0.4242;0.4148;0.4195;134947;OK
3;0.70;ManhattanMetric;uk;0.8118;0.5841;0.5102;0.5447;134947;OK
3;0.70;ManhattanMetric;usa;0.8118;0.8761;0.9311;0.9028;134947;OK
3;0.70;ManhattanMetric;west-germany;0.8118;0.3605;0.3333;0.3464;134947;OK
3;0.80;ChebyshevMetric;canada;0.7877;0.1875;0.0710;0.1030;101398;OK
3;0.80;ChebyshevMetric;france;0.7877;0.2000;0.0943;0.1282;101398;OK
3;0.80;ChebyshevMetric;japan;0.7877;0.3553;0.2842;0.3158;101398;OK
3;0.80;ChebyshevMetric;uk;0.7877;0.4790;0.3608;0.4116;101398;OK
3;0.80;ChebyshevMetric;usa;0.7877;0.8469;0.9314;0.8871;101398;OK
3;0.80;ChebyshevMetric;west-germany;0.7877;0.2647;0.1552;0.1957;101398;OK
3;0.80;EuclideanMetric;canada;0.7984;0.2625;0.1243;0.1687;104250;OK
3;0.80;EuclideanMetric;france;0.7984;0.2857;0.1509;0.1975;104250;OK
3;0.80;EuclideanMetric;japan;0.7984;0.4198;0.3579;0.3864;104250;OK
3;0.80;EuclideanMetric;uk;0.7984;0.5034;0.4620;0.4818;104250;OK
3;0.80;EuclideanMetric;usa;0.7984;0.8637;0.9258;0.8937;104250;OK
3;0.80;EuclideanMetric;west-germany;0.7984;0.3409;0.2586;0.2941;104250;OK
3;0.80;ManhattanMetric;canada;0.8144;0.3733;0.1657;0.2295;106006;OK
3;0.80;ManhattanMetric;france;0.8144;0.3143;0.2075;0.2500;106006;OK
3;0.80;ManhattanMetric;japan;0.8144;0.4545;0.4211;0.4372;106006;OK
3;0.80;ManhattanMetric;uk;0.8144;0.5694;0.5190;0.5430;106006;OK
3;0.80;ManhattanMetric;usa;0.8144;0.8773;0.9323;0.9040;106006;OK
3;0.80;ManhattanMetric;west-germany;0.8144;0.3393;0.3276;0.3333;106006;OK
3;0.90;ChebyshevMetric;canada;0.7978;0.1463;0.0690;0.0937;56993;OK
3;0.90;ChebyshevMetric;france;0.7978;0.0769;0.0455;0.0571;56993;OK
3;0.90;ChebyshevMetric;japan;0.7978;0.3889;0.2800;0.3256;56993;OK
3;0.90;ChebyshevMetric;uk;0.7978;0.5185;0.3784;0.4375;56993;OK
3;0.90;ChebyshevMetric;usa;0.7978;0.8558;0.9401;0.8960;56993;OK
3;0.90;ChebyshevMetric;west-germany;0.7978;0.3750;0.1154;0.1765;56993;OK
3;0.90;EuclideanMetric;canada;0.8126;0.2500;0.1379;0.1778;62900;OK
3;0.90;EuclideanMetric;france;0.8126;0.1538;0.0909;0.1143;62900;OK
3;0.90;EuclideanMetric;japan;0.8126;0.4773;0.4200;0.4468;62900;OK
3;0.90;EuclideanMetric;uk;0.8126;0.6000;0.4865;0.5373;62900;OK
3;0.90;EuclideanMetric;usa;0.8126;0.8719;0.9337;0.9017;62900;OK
3;0.90;EuclideanMetric;west-germany;0.8126;0.4706;0.3077;0.3721;62900;OK
3;0.90;ManhattanMetric;canada;0.8245;0.4186;0.2069;0.2769;58603;OK
3;0.90;ManhattanMetric;france;0.8245;0.1538;0.0909;0.1143;58603;OK
3;0.90;ManhattanMetric;japan;0.8245;0.5000;0.4400;0.4681;58603;OK
3;0.90;ManhattanMetric;uk;0.8245;0.5775;0.5541;0.5655;58603;OK
3;0.90;ManhattanMetric;usa;0.8245;0.8843;0.9365;0.9097;58603;OK
3;0.90;ManhattanMetric;west-germany;0.8245;0.3750;0.3462;0.3600;58603;OK
4;0.10;ChebyshevMetric;canada;0.7678;0.1504;0.0226;0.0393;53227;OK
4;0.10;ChebyshevMetric;france;0.7678;0.0137;0.0045;0.0068;53227;OK
4;0.10;ChebyshevMetric;japan;0.7678;0.1566;0.0627;0.0895;53227;OK
4;0.10;ChebyshevMetric;uk;0.7678;0.3417;0.2200;0.2677;53227;OK
4;0.10;ChebyshevMetric;usa;0.7678;0.8142;0.9418;0.8734;53227;OK
4;0.10;ChebyshevMetric;west-germany;0.7678;0.1389;0.0521;0.0758;53227;OK
4;0.10;EuclideanMetric;canada;0.7868;0.2365;0.0465;0.0778;54960;OK
4;0.10;EuclideanMetric;france;0.7868;0.3333;0.1300;0.1871;54960;OK
4;0.10;EuclideanMetric;japan;0.7868;0.2500;0.1205;0.1626;54960;OK
4;0.10;EuclideanMetric;uk;0.7868;0.4504;0.3313;0.3818;54960;OK
4;0.10;EuclideanMetric;usa;0.7868;0.8337;0.9476;0.8870;54960;OK
4;0.10;EuclideanMetric;west-germany;0.7868;0.2069;0.1042;0.1386;54960;OK
4;0.10;ManhattanMetric;canada;0.7999;0.3427;0.0652;0.1095;54659;OK
4;0.10;ManhattanMetric;france;0.7999;0.3222;0.1300;0.1853;54659;OK
4;0.10;ManhattanMetric;japan;0.7999;0.3000;0.1807;0.2256;54659;OK
4;0.10;ManhattanMetric;uk;0.7999;0.5364;0.3733;0.4402;54659;OK
4;0.10;ManhattanMetric;usa;0.7999;0.8413;0.9553;0.8946;54659;OK
4;0.10;ManhattanMetric;west-germany;0.7999;0.2950;0.1424;0.1920;54659;OK
4;0.20;ChebyshevMetric;canada;0.7727;0.1622;0.0359;0.0588;83916;OK
4;0.20;ChebyshevMetric;france;0.7727;0.1493;0.0518;0.0769;83916;OK
4;0.20;ChebyshevMetric;japan;0.7727;0.2287;0.1165;0.1544;83916;OK
4;0.20;ChebyshevMetric;uk;0.7727;0.3824;0.2337;0.2901;83916;OK
4;0.20;ChebyshevMetric;usa;0.7727;0.8193;0.9406;0.8757;83916;OK
4;0.20;ChebyshevMetric;west-germany;0.7727;0.2366;0.0880;0.1283;83916;OK
4;0.20;EuclideanMetric;canada;0.7909;0.2614;0.0598;0.0973;98801;OK
4;0.20;EuclideanMetric;france;0.7909;0.3030;0.1554;0.2055;98801;OK
4;0.20;EuclideanMetric;japan;0.7909;0.2579;0.1545;0.1932;98801;OK
4;0.20;EuclideanMetric;uk;0.7909;0.5094;0.3361;0.4050;98801;OK
4;0.20;EuclideanMetric;usa;0.7909;0.8377;0.9474;0.8892;98801;OK
4;0.20;EuclideanMetric;west-germany;0.7909;0.2667;0.1440;0.1870;98801;OK
4;0.20;ManhattanMetric;canada;0.8083;0.3143;0.0658;0.1088;82440;OK
4;0.20;ManhattanMetric;france;0.8083;0.3980;0.2021;0.2680;82440;OK
4;0.20;ManhattanMetric;japan;0.8083;0.3719;0.2439;0.2946;82440;OK
4;0.20;ManhattanMetric;uk;0.8083;0.5745;0.4053;0.4753;82440;OK
4;0.20;ManhattanMetric;usa;0.8083;0.8504;0.9548;0.8996;82440;OK
4;0.20;ManhattanMetric;west-germany;0.8083;0.3841;0.2520;0.3043;82440;OK
4;0.30;ChebyshevMetric;canada;0.7752;0.1958;0.0482;0.0773;111845;OK
4;0.30;ChebyshevMetric;france;0.7752;0.1746;0.0659;0.0957;111845;OK
4;0.30;ChebyshevMetric;japan;0.7752;0.1979;0.1173;0.1473;111845;OK
4;0.30;ChebyshevMetric;uk;0.7752;0.3826;0.2582;0.3083;111845;OK
4;0.30;ChebyshevMetric;usa;0.7752;0.8267;0.9379;0.8788;111845;OK
4;0.30;ChebyshevMetric;west-germany;0.7752;0.2558;0.0991;0.1429;111845;OK
4;0.30;EuclideanMetric;canada;0.7919;0.2901;0.0809;0.1265;132832;OK
4;0.30;EuclideanMetric;france;0.7919;0.2750;0.1317;0.1781;132832;OK
4;0.30;EuclideanMetric;japan;0.7919;0.2520;0.1944;0.2195;132832;OK
4;0.30;EuclideanMetric;uk;0.7919;0.4865;0.3824;0.4282;132832;OK
4;0.30;EuclideanMetric;usa;0.7919;0.8478;0.9398;0.8914;132832;OK
4;0.30;EuclideanMetric;west-germany;0.7919;0.2857;0.1532;0.1994;132832;OK
4;0.30;ManhattanMetric;canada;0.8095;0.3951;0.1102;0.1723;134694;OK
4;0.30;ManhattanMetric;france;0.8095;0.3947;0.1796;0.2469;134694;OK
4;0.30;ManhattanMetric;japan;0.8095;0.3538;0.2840;0.3151;134694;OK
4;0.30;ManhattanMetric;uk;0.8095;0.5266;0.4526;0.4868;134694;OK
4;0.30;ManhattanMetric;usa;0.8095;0.8613;0.9447;0.9011;134694;OK
4;0.30;ManhattanMetric;west-germany;0.8095;0.4231;0.2973;0.3492;134694;OK
4;0.40;ChebyshevMetric;canada;0.7843;0.2254;0.0648;0.1006;148502;OK
4;0.40;ChebyshevMetric;france;0.7843;0.2759;0.1088;0.1561;148502;OK
4;0.40;ChebyshevMetric;japan;0.7843;0.2840;0.1745;0.2162;148502;OK
4;0.40;ChebyshevMetric;uk;0.7843;0.3966;0.2795;0.3279;148502;OK
4;0.40;ChebyshevMetric;usa;0.7843;0.8342;0.9409;0.8843;148502;OK
4;0.40;ChebyshevMetric;west-germany;0.7843;0.3182;0.1082;0.1615;148502;OK
4;0.40;EuclideanMetric;canada;0.7975;0.2717;0.0951;0.1409;55021;OK
4;0.40;EuclideanMetric;france;0.7975;0.3390;0.1361;0.1942;55021;OK
4;0.40;EuclideanMetric;japan;0.7975;0.3150;0.2291;0.2653;55021;OK
4;0.40;EuclideanMetric;uk;0.7975;0.4833;0.3976;0.4363;55021;OK
4;0.40;EuclideanMetric;usa;0.7975;0.8525;0.9414;0.8947;55021;OK
4;0.40;EuclideanMetric;west-germany;0.7975;0.3229;0.1598;0.2138;55021;OK
4;0.40;ManhattanMetric;canada;0.8149;0.3926;0.1296;0.1948;117700;OK
4;0.40;ManhattanMetric;france;0.8149;0.4286;0.2041;0.2765;117700;OK
4;0.40;ManhattanMetric;japan;0.8149;0.3953;0.3091;0.3469;117700;OK
4;0.40;ManhattanMetric;uk;0.8149;0.5357;0.4724;0.5021;117700;OK
4;0.40;ManhattanMetric;usa;0.8149;0.8663;0.9459;0.9043;117700;OK
4;0.40;ManhattanMetric;west-germany;0.8149;0.4231;0.2835;0.3395;117700;OK
4;0.50;ChebyshevMetric;canada;0.7886;0.2213;0.0646;0.1000;153572;OK
4;0.50;ChebyshevMetric;france;0.7886;0.3061;0.1200;0.1724;153572;OK
4;0.50;ChebyshevMetric;japan;0.7886;0.2727;0.1629;0.2040;153572;OK
4;0.50;ChebyshevMetric;uk;0.7886;0.4441;0.3017;0.3593;153572;OK
4;0.50;ChebyshevMetric;usa;0.7886;0.8350;0.9441;0.8862;153572;OK
4;0.50;ChebyshevMetric;west-germany;0.7886;0.2979;0.0909;0.1393;153572;OK
4;0.50;EuclideanMetric;canada;0.8023;0.2806;0.0933;0.1400;58109;OK
4;0.50;EuclideanMetric;france;0.8023;0.3448;0.1600;0.2186;58109;OK
4;0.50;EuclideanMetric;japan;0.8023;0.3222;0.2624;0.2893;58109;OK
4;0.50;EuclideanMetric;uk;0.8023;0.5042;0.4323;0.4655;58109;OK
4;0.50;EuclideanMetric;usa;0.8023;0.8575;0.9424;0.8979;58109;OK
4;0.50;EuclideanMetric;west-germany;0.8023;0.3088;0.1364;0.1892;58109;OK
4;0.50;ManhattanMetric;canada;0.8183;0.3796;0.1244;0.1874;158557;OK
4;0.50;ManhattanMetric;france;0.8183;0.4154;0.2160;0.2842;158557;OK
4;0.50;ManhattanMetric;japan;0.8183;0.3827;0.3394;0.3597;158557;OK
4;0.50;ManhattanMetric;uk;0.8183;0.5750;0.4917;0.5301;158557;OK
4;0.50;ManhattanMetric;usa;0.8183;0.8688;0.9465;0.9060;158557;OK
4;0.50;ManhattanMetric;west-germany;0.8183;0.4500;0.2922;0.3543;158557;OK
4;0.60;ChebyshevMetric;canada;0.7936;0.2551;0.0753;0.1163;148098;OK
4;0.60;ChebyshevMetric;france;0.7936;0.3784;0.1308;0.1944;148098;OK
4;0.60;ChebyshevMetric;japan;0.7936;0.2923;0.2289;0.2568;148098;OK
4;0.60;ChebyshevMetric;uk;0.7936;0.4653;0.3444;0.3958;148098;OK
4;0.60;ChebyshevMetric;usa;0.7936;0.8408;0.9420;0.8885;148098;OK
4;0.60;ChebyshevMetric;west-germany;0.7936;0.3889;0.1085;0.1697;148098;OK
4;0.60;EuclideanMetric;canada;0.8049;0.2778;0.1054;0.1528;157795;OK
4;0.60;EuclideanMetric;france;0.8049;0.3958;0.1776;0.2452;157795;OK
4;0.60;EuclideanMetric;japan;0.8049;0.3219;0.2831;0.3013;157795;OK
4;0.60;EuclideanMetric;uk;0.8049;0.5171;0.4562;0.4848;157795;OK
4;0.60;EuclideanMetric;usa;0.8049;0.8596;0.9402;0.8981;157795;OK
4;0.60;EuclideanMetric;west-germany;0.8049;0.4490;0.1705;0.2472;157795;OK
4;0.60;ManhattanMetric;canada;0.8233;0.4231;0.1657;0.2381;154030;OK
4;0.60;ManhattanMetric;france;0.8233;0.4074;0.2056;0.2733;154030;OK
4;0.60;ManhattanMetric;japan;0.8233;0.3899;0.3735;0.3815;154030;OK
4;0.60;ManhattanMetric;uk;0.8233;0.6103;0.5015;0.5506;154030;OK
4;0.60;ManhattanMetric;usa;0.8233;0.8733;0.9478;0.9090;154030;OK
4;0.60;ManhattanMetric;west-germany;0.8233;0.4268;0.2713;0.3318;154030;OK
4;0.70;ChebyshevMetric;canada;0.7895;0.2292;0.0898;0.1290;129984;OK
4;0.70;ChebyshevMetric;france;0.7895;0.2963;0.1013;0.1509;129984;OK
4;0.70;ChebyshevMetric;japan;0.7895;0.3168;0.2370;0.2712;129984;OK
4;0.70;ChebyshevMetric;uk;0.7895;0.4628;0.3551;0.4018;129984;OK
4;0.70;ChebyshevMetric;usa;0.7895;0.8420;0.9339;0.8856;129984;OK
4;0.70;ChebyshevMetric;west-germany;0.7895;0.4063;0.1398;0.2080;129984;OK
4;0.70;EuclideanMetric;canada;0.8026;0.2453;0.1061;0.1481;140161;OK
4;0.70;EuclideanMetric;france;0.8026;0.3429;0.1519;0.2105;140161;OK
4;0.70;EuclideanMetric;japan;0.8026;0.3514;0.2889;0.3171;140161;OK
4;0.70;EuclideanMetric;uk;0.8026;0.4932;0.4408;0.4655;140161;OK
4;0.70;EuclideanMetric;usa;0.8026;0.8611;0.9367;0.8973;140161;OK
4;0.70;EuclideanMetric;west-germany;0.8026;0.5000;0.2258;0.3111;140161;OK
4;0.70;ManhattanMetric;canada;0.8185;0.3763;0.1429;0.2071;134112;OK
4;0.70;ManhattanMetric;france;0.8185;0.3846;0.1899;0.2542;134112;OK
4;0.70;ManhattanMetric;japan;0.8185;0.3770;0.3407;0.3580;134112;OK
4;0.70;ManhattanMetric;uk;0.8185;0.5924;0.5102;0.5482;134112;OK
4;0.70;ManhattanMetric;usa;0.8185;0.8715;0.9428;0.9057;134112;OK
4;0.70;ManhattanMetric;west-germany;0.8185;0.4328;0.3118;0.3625;134112;OK
4;0.80;ChebyshevMetric;canada;0.7932;0.2241;0.0769;0.1145;99747;OK
4;0.80;ChebyshevMetric;france;0.7932;0.3077;0.0755;0.1212;99747;OK
4;0.80;ChebyshevMetric;japan;0.7932;0.3235;0.2316;0.2699;99747;OK
4;0.80;ChebyshevMetric;uk;0.7932;0.4783;0.3481;0.4029;99747;OK
4;0.80;ChebyshevMetric;usa;0.7932;0.8404;0.9425;0.8885;99747;OK
4;0.80;ChebyshevMetric;west-germany;0.7932;0.4118;0.1207;0.1867;99747;OK
4;0.80;EuclideanMetric;canada;0.7999;0.2698;0.1006;0.1466;103302;OK
4;0.80;EuclideanMetric;france;0.7999;0.3750;0.1132;0.1739;103302;OK
4;0.80;EuclideanMetric;japan;0.7999;0.3600;0.2842;0.3176;103302;OK
4;0.80;EuclideanMetric;uk;0.7999;0.4694;0.4367;0.4525;103302;OK
4;0.80;EuclideanMetric;usa;0.7999;0.8568;0.9378;0.8955;103302;OK
4;0.80;EuclideanMetric;west-germany;0.7999;0.3571;0.1724;0.2326;103302;OK
4;0.80;ManhattanMetric;canada;0.8185;0.3803;0.1598;0.2250;103452;OK
4;0.80;ManhattanMetric;france;0.8185;0.3600;0.1698;0.2308;103452;OK
4;0.80;ManhattanMetric;japan;0.8185;0.4533;0.3579;0.4000;103452;OK
4;0.80;ManhattanMetric;uk;0.8185;0.5903;0.5380;0.5629;103452;OK
4;0.80;ManhattanMetric;usa;0.8185;0.8716;0.9416;0.9052;103452;OK
4;0.80;ManhattanMetric;west-germany;0.8185;0.3556;0.2759;0.3107;103452;OK
4;0.90;ChebyshevMetric;canada;0.8030;0.2069;0.0690;0.1034;56857;OK
4;0.90;ChebyshevMetric;france;0.8030;0.1818;0.0909;0.1212;56857;OK
4;0.90;ChebyshevMetric;japan;0.8030;0.4000;0.3200;0.3556;56857;OK
4;0.90;ChebyshevMetric;uk;0.8030;0.5000;0.3649;0.4219;56857;OK
4;0.90;ChebyshevMetric;usa;0.8030;0.8515;0.9448;0.8957;56857;OK
4;0.90;ChebyshevMetric;west-germany;0.8030;0.5000;0.1154;0.1875;56857;OK
4;0.90;EuclideanMetric;canada;0.8156;0.3333;0.1149;0.1709;60334;OK
4;0.90;EuclideanMetric;france;0.8156;0.3333;0.1364;0.1935;60334;OK
4;0.90;EuclideanMetric;japan;0.8156;0.4595;0.3400;0.3908;60334;OK
4;0.90;EuclideanMetric;uk;0.8156;0.5455;0.4865;0.5143;60334;OK
4;0.90;EuclideanMetric;usa;0.8156;0.8615;0.9448;0.9012;60334;OK
4;0.90;EuclideanMetric;west-germany;0.8156;0.4167;0.1923;0.2632;60334;OK
4;0.90;ManhattanMetric;canada;0.8283;0.4857;0.1954;0.2787;58504;OK
4;0.90;ManhattanMetric;france;0.8283;0.2308;0.1364;0.1714;58504;OK
4;0.90;ManhattanMetric;japan;0.8283;0.5000;0.4000;0.4444;58504;OK
4;0.90;ManhattanMetric;uk;0.8283;0.5972;0.5811;0.5890;58504;OK
4;0.90;ManhattanMetric;usa;0.8283;0.8797;0.9429;0.9102;58504;OK
4;0.90;ManhattanMetric;west-germany;0.8283;0.3333;0.2692;0.2979;58504;OK
5;0.10;ChebyshevMetric;canada;0.7758;0.1316;0.0066;0.0127;53335;OK
5;0.10;ChebyshevMetric;france;0.7758;0.0282;0.0090;0.0136;53335;OK
5;0.10;ChebyshevMetric;japan;0.7758;0.1848;0.0410;0.0671;53335;OK
5;0.10;ChebyshevMetric;uk;0.7758;0.3561;0.2386;0.2857;53335;OK
5;0.10;ChebyshevMetric;usa;0.7758;0.8133;0.9525;0.8775;53335;OK
5;0.10;ChebyshevMetric;west-germany;0.7758;0.1414;0.0486;0.0724;53335;OK
5;0.10;EuclideanMetric;canada;0.7947;0.3295;0.0386;0.0690;54967;OK
5;0.10;EuclideanMetric;france;0.7947;0.3684;0.1256;0.1873;54967;OK
5;0.10;EuclideanMetric;japan;0.7947;0.2606;0.0892;0.1329;54967;OK
5;0.10;EuclideanMetric;uk;0.7947;0.4781;0.3239;0.3861;54967;OK
5;0.10;EuclideanMetric;usa;0.7947;0.8303;0.9608;0.8908;54967;OK
5;0.10;EuclideanMetric;west-germany;0.7947;0.2033;0.0868;0.1217;54967;OK
5;0.10;ManhattanMetric;canada;0.8045;0.3750;0.0598;0.1032;54749;OK
5;0.10;ManhattanMetric;france;0.8045;0.3714;0.1166;0.1775;54749;OK
5;0.10;ManhattanMetric;japan;0.8045;0.3413;0.1711;0.2279;54749;OK
5;0.10;ManhattanMetric;uk;0.8045;0.5479;0.3745;0.4449;54749;OK
5;0.10;ManhattanMetric;usa;0.8045;0.8391;0.9629;0.8967;54749;OK
5;0.10;ManhattanMetric;west-germany;0.8045;0.2857;0.1181;0.1671;54749;OK
5;0.20;ChebyshevMetric;canada;0.7789;0.1236;0.0164;0.0290;71631;OK
5;0.20;ChebyshevMetric;france;0.7789;0.1515;0.0259;0.0442;71631;OK
5;0.20;ChebyshevMetric;japan;0.7789;0.1970;0.0705;0.1038;71631;OK
5;0.20;ChebyshevMetric;uk;0.7789;0.3931;0.2213;0.2832;71631;OK
5;0.20;ChebyshevMetric;usa;0.7789;0.8143;0.9539;0.8786;71631;OK
5;0.20;ChebyshevMetric;west-germany;0.7789;0.2338;0.0720;0.1101;71631;OK
5;0.20;EuclideanMetric;canada;0.7975;0.3182;0.0523;0.0899;99440;OK
5;0.20;EuclideanMetric;france;0.7975;0.3947;0.1554;0.2230;99440;OK
5;0.20;EuclideanMetric;japan;0.7975;0.2695;0.1220;0.1679;99440;OK
5;0.20;EuclideanMetric;uk;0.7975;0.5181;0.3167;0.3931;99440;OK
5;0.20;EuclideanMetric;usa;0.7975;0.8318;0.9594;0.8910;99440;OK
5;0.20;EuclideanMetric;west-germany;0.7975;0.3608;0.1400;0.2017;99440;OK
5;0.20;ManhattanMetric;canada;0.8136;0.4318;0.0568;0.1004;71932;OK
5;0.20;ManhattanMetric;france;0.8136;0.3889;0.1451;0.2113;71932;OK
5;0.20;ManhattanMetric;japan;0.8136;0.4010;0.2141;0.2792;71932;OK
5;0.20;ManhattanMetric;uk;0.8136;0.5942;0.3970;0.4760;71932;OK
5;0.20;ManhattanMetric;usa;0.8136;0.8453;0.9662;0.9017;71932;OK
5;0.20;ManhattanMetric;west-germany;0.8136;0.4043;0.2280;0.2916;71932;OK
5;0.30;ChebyshevMetric;canada;0.7807;0.1471;0.0258;0.0439;92433;OK
5;0.30;ChebyshevMetric;france;0.7807;0.2432;0.0539;0.0882;92433;OK
5;0.30;ChebyshevMetric;japan;0.7807;0.2119;0.0988;0.1347;92433;OK
5;0.30;ChebyshevMetric;uk;0.7807;0.4153;0.2565;0.3172;92433;OK
5;0.30;ChebyshevMetric;usa;0.7807;0.8212;0.9483;0.8802;92433;OK
5;0.30;ChebyshevMetric;west-germany;0.7807;0.2338;0.0811;0.1204;92433;OK
5;0.30;EuclideanMetric;canada;0.8007;0.3269;0.0585;0.0993;112354;OK
5;0.30;EuclideanMetric;france;0.8007;0.4063;0.1557;0.2251;112354;OK
5;0.30;EuclideanMetric;japan;0.8007;0.2680;0.1605;0.2008;112354;OK
5;0.30;EuclideanMetric;uk;0.8007;0.5135;0.3725;0.4318;112354;OK
5;0.30;EuclideanMetric;usa;0.8007;0.8419;0.9539;0.8944;112354;OK
5;0.30;EuclideanMetric;west-germany;0.8007;0.3627;0.1667;0.2284;112354;OK
5;0.30;ManhattanMetric;canada;0.8175;0.4324;0.0826;0.1387;133483;OK
5;0.30;ManhattanMetric;france;0.8175;0.4118;0.1677;0.2383;133483;OK
5;0.30;ManhattanMetric;japan;0.8175;0.3571;0.2469;0.2920;133483;OK
5;0.30;ManhattanMetric;uk;0.8175;0.5726;0.4575;0.5086;133483;OK
5;0.30;ManhattanMetric;usa;0.8175;0.8579;0.9588;0.9055;133483;OK
5;0.30;ManhattanMetric;west-germany;0.8175;0.4733;0.2793;0.3513;133483;OK
5;0.40;ChebyshevMetric;canada;0.7874;0.1717;0.0344;0.0573;121845;OK
5;0.40;ChebyshevMetric;france;0.7874;0.2549;0.0884;0.1313;121845;OK
5;0.40;ChebyshevMetric;japan;0.7874;0.2821;0.1200;0.1684;121845;OK
5;0.40;ChebyshevMetric;uk;0.7874;0.4205;0.2500;0.3136;121845;OK
5;0.40;ChebyshevMetric;usa;0.7874;0.8255;0.9530;0.8847;121845;OK
5;0.40;ChebyshevMetric;west-germany;0.7874;0.3019;0.0825;0.1296;121845;OK
5;0.40;EuclideanMetric;canada;0.8082;0.3143;0.0668;0.1102;54863;OK
5;0.40;EuclideanMetric;france;0.8082;0.4286;0.1633;0.2365;54863;OK
5;0.40;EuclideanMetric;japan;0.8082;0.3472;0.1818;0.2387;54863;OK
5;0.40;EuclideanMetric;uk;0.8082;0.5297;0.4035;0.4581;54863;OK
5;0.40;EuclideanMetric;usa;0.8082;0.8475;0.9578;0.8993;54863;OK
5;0.40;EuclideanMetric;west-germany;0.8082;0.3563;0.1598;0.2206;54863;OK
5;0.40;ManhattanMetric;canada;0.8153;0.4000;0.0931;0.1511;87533;OK
5;0.40;ManhattanMetric;france;0.8153;0.4655;0.1837;0.2634;87533;OK
5;0.40;ManhattanMetric;japan;0.8153;0.3898;0.2509;0.3053;87533;OK
5;0.40;ManhattanMetric;uk;0.8153;0.5290;0.4665;0.4958;87533;OK
5;0.40;ManhattanMetric;usa;0.8153;0.8583;0.9536;0.9035;87533;OK
5;0.40;ManhattanMetric;west-germany;0.8153;0.4615;0.2474;0.3221;87533;OK
5;0.50;ChebyshevMetric;canada;0.7924;0.2333;0.0502;0.0827;153635;OK
5;0.50;ChebyshevMetric;france;0.7924;0.3571;0.1200;0.1796;153635;OK
5;0.50;ChebyshevMetric;japan;0.7924;0.2593;0.1267;0.1702;153635;OK
5;0.50;ChebyshevMetric;uk;0.7924;0.4346;0.2684;0.3319;153635;OK
5;0.50;ChebyshevMetric;usa;0.7924;0.8310;0.9550;0.8887;153635;OK
5;0.50;ChebyshevMetric;west-germany;0.7924;0.2500;0.0584;0.0947;153635;OK
5;0.50;EuclideanMetric;canada;0.8093;0.3191;0.0718;0.1172;57701;OK
5;0.50;EuclideanMetric;france;0.8093;0.4167;0.1600;0.2312;57701;OK
5;0.50;EuclideanMetric;japan;0.8093;0.3382;0.2081;0.2577;57701;OK
5;0.50;EuclideanMetric;uk;0.8093;0.5406;0.4109;0.4669;57701;OK
5;0.50;EuclideanMetric;usa;0.8093;0.8494;0.9571;0.9001;57701;OK
5;0.50;EuclideanMetric;west-germany;0.8093;0.3220;0.1234;0.1784;57701;OK
5;0.50;ManhattanMetric;canada;0.8241;0.4239;0.0933;0.1529;159041;OK
5;0.50;ManhattanMetric;france;0.8241;0.4545;0.2000;0.2778;159041;OK
5;0.50;ManhattanMetric;japan;0.8241;0.4063;0.2941;0.3412;159041;OK
5;0.50;ManhattanMetric;uk;0.8241;0.5989;0.5036;0.5471;159041;OK
5;0.50;ManhattanMetric;usa;0.8241;0.8633;0.9584;0.9083;159041;OK
5;0.50;ManhattanMetric;west-germany;0.8241;0.4706;0.2597;0.3347;159041;OK
5;0.60;ChebyshevMetric;canada;0.7978;0.2394;0.0512;0.0844;148454;OK
5;0.60;ChebyshevMetric;france;0.7978;0.4643;0.1215;0.1926;148454;OK
5;0.60;ChebyshevMetric;japan;0.7978;0.2843;0.1747;0.2164;148454;OK
5;0.60;ChebyshevMetric;uk;0.7978;0.4685;0.3142;0.3761;148454;OK
5;0.60;ChebyshevMetric;usa;0.7978;0.8358;0.9550;0.8914;148454;OK
5;0.60;ChebyshevMetric;west-germany;0.7978;0.3333;0.0698;0.1154;148454;OK
5;0.60;EuclideanMetric;canada;0.8127;0.3077;0.0723;0.1171;162164;OK
5;0.60;EuclideanMetric;france;0.8127;0.5405;0.1869;0.2778;162164;OK
5;0.60;EuclideanMetric;japan;0.8127;0.3504;0.2470;0.2898;162164;OK
5;0.60;EuclideanMetric;uk;0.8127;0.5233;0.4079;0.4584;162164;OK
5;0.60;EuclideanMetric;usa;0.8127;0.8519;0.9580;0.9019;162164;OK
5;0.60;EuclideanMetric;west-germany;0.8127;0.5000;0.1473;0.2275;162164;OK
5;0.60;ManhattanMetric;canada;0.8280;0.4390;0.1084;0.1739;155087;OK
5;0.60;ManhattanMetric;france;0.8280;0.4364;0.2243;0.2963;155087;OK
5;0.60;ManhattanMetric;japan;0.8280;0.4254;0.3434;0.3800;155087;OK
5;0.60;ManhattanMetric;uk;0.8280;0.6216;0.4864;0.5458;155087;OK
5;0.60;ManhattanMetric;usa;0.8280;0.8661;0.9603;0.9108;155087;OK
5;0.60;ManhattanMetric;west-germany;0.8280;0.5000;0.2558;0.3385;155087;OK
5;0.70;ChebyshevMetric;canada;0.7954;0.1940;0.0531;0.0833;129628;OK
5;0.70;ChebyshevMetric;france;0.7954;0.3158;0.0759;0.1224;129628;OK
5;0.70;ChebyshevMetric;japan;0.7954;0.3333;0.2000;0.2500;129628;OK
5;0.70;ChebyshevMetric;uk;0.7954;0.4576;0.3306;0.3839;129628;OK
5;0.70;ChebyshevMetric;usa;0.7954;0.8380;0.9496;0.8903;129628;OK
5;0.70;ChebyshevMetric;west-germany;0.7954;0.3636;0.0860;0.1391;129628;OK
5;0.70;EuclideanMetric;canada;0.8103;0.2899;0.0816;0.1274;127805;OK
5;0.70;EuclideanMetric;france;0.8103;0.3667;0.1392;0.2018;127805;OK
5;0.70;EuclideanMetric;japan;0.8103;0.3678;0.2370;0.2883;127805;OK
5;0.70;EuclideanMetric;uk;0.8103;0.5079;0.3959;0.4450;127805;OK
5;0.70;EuclideanMetric;usa;0.8103;0.8532;0.9555;0.9015;127805;OK
5;0.70;EuclideanMetric;west-germany;0.8103;0.5000;0.1720;0.2560;127805;OK
5;0.70;ManhattanMetric;canada;0.8287;0.4348;0.1224;0.1911;134002;OK
5;0.70;ManhattanMetric;france;0.8287;0.3611;0.1646;0.2261;134002;OK
5;0.70;ManhattanMetric;japan;0.8287;0.4476;0.3481;0.3917;134002;OK
5;0.70;ManhattanMetric;uk;0.8287;0.6244;0.5020;0.5566;134002;OK
5;0.70;ManhattanMetric;usa;0.8287;0.8679;0.9586;0.9110;134002;OK
5;0.70;ManhattanMetric;west-germany;0.8287;0.5192;0.2903;0.3724;134002;OK
5;0.80;ChebyshevMetric;canada;0.7958;0.1463;0.0355;0.0571;99348;OK
5;0.80;ChebyshevMetric;france;0.7958;0.4167;0.0943;0.1538;99348;OK
5;0.80;ChebyshevMetric;japan;0.7958;0.3208;0.1789;0.2297;99348;OK
5;0.80;ChebyshevMetric;uk;0.7958;0.4561;0.3291;0.3824;99348;OK
5;0.80;ChebyshevMetric;usa;0.7958;0.8371;0.9532;0.8913;99348;OK
5;0.80;ChebyshevMetric;west-germany;0.7958;0.3571;0.0862;0.1389;99348;OK
5;0.80;EuclideanMetric;canada;0.8103;0.3023;0.0769;0.1226;103064;OK
5;0.80;EuclideanMetric;france;0.8103;0.3077;0.0755;0.1212;103064;OK
5;0.80;EuclideanMetric;japan;0.8103;0.3585;0.2000;0.2568;103064;OK
5;0.80;EuclideanMetric;uk;0.8103;0.4857;0.4304;0.4564;103064;OK
5;0.80;EuclideanMetric;usa;0.8103;0.8538;0.9587;0.9032;103064;OK
5;0.80;EuclideanMetric;west-germany;0.8103;0.4211;0.1379;0.2078;103064;OK
5;0.80;ManhattanMetric;canada;0.8267;0.4643;0.1538;0.2311;103512;OK
5;0.80;ManhattanMetric;france;0.8267;0.3043;0.1321;0.1842;103512;OK
5;0.80;ManhattanMetric;japan;0.8267;0.4306;0.3263;0.3713;103512;OK
5;0.80;ManhattanMetric;uk;0.8267;0.6434;0.5253;0.5784;103512;OK
5;0.80;ManhattanMetric;usa;0.8267;0.8674;0.9559;0.9095;103512;OK
5;0.80;ManhattanMetric;west-germany;0.8267;0.4545;0.2586;0.3297;103512;OK
5;0.90;ChebyshevMetric;canada;0.8074;0.0952;0.0230;0.0370;56869;OK
5;0.90;ChebyshevMetric;france;0.8074;0.4000;0.0909;0.1481;56869;OK
5;0.90;ChebyshevMetric;japan;0.8074;0.4063;0.2600;0.3171;56869;OK
5;0.90;ChebyshevMetric;uk;0.8074;0.5306;0.3514;0.4228;56869;OK
5;0.90;ChebyshevMetric;usa;0.8074;0.8442;0.9576;0.8973;56869;OK
5;0.90;ChebyshevMetric;west-germany;0.8074;0.5000;0.1154;0.1875;56869;OK
5;0.90;EuclideanMetric;canada;0.8208;0.2381;0.0575;0.0926;59346;OK
5;0.90;EuclideanMetric;france;0.8208;0.3333;0.1364;0.1935;59346;OK
5;0.90;EuclideanMetric;japan;0.8208;0.5000;0.2800;0.3590;59346;OK
5;0.90;EuclideanMetric;uk;0.8208;0.5763;0.4595;0.5113;59346;OK
5;0.90;EuclideanMetric;usa;0.8208;0.8550;0.9613;0.9051;59346;OK
5;0.90;EuclideanMetric;west-germany;0.8208;0.5714;0.1538;0.2424;59346;OK
5;0.90;ManhattanMetric;canada;0.8335;0.5000;0.1839;0.2689;58255;OK
5;0.90;ManhattanMetric;france;0.8335;0.1818;0.0909;0.1212;58255;OK
5;0.90;ManhattanMetric;japan;0.8335;0.5429;0.3800;0.4471;58255;OK
5;0.90;ManhattanMetric;uk;0.8335;0.6724;0.5270;0.5909;58255;OK
5;0.90;ManhattanMetric;usa;0.8335;0.8716;0.9567;0.9122;58255;OK
5;0.90;ManhattanMetric;west-germany;0.8335;0.3529;0.2308;0.2791;58255;OK
6;0.10;ChebyshevMetric;canada;0.7828;0.0857;0.0040;0.0076;49776;OK
6;0.10;ChebyshevMetric;france;0.7828;0.0250;0.0045;0.0076;49776;OK
6;0.10;ChebyshevMetric;japan;0.7828;0.1829;0.0361;0.0604;49776;OK
6;0.10;ChebyshevMetric;uk;0.7828;0.3978;0.2287;0.2904;49776;OK
6;0.10;ChebyshevMetric;usa;0.7828;0.8122;0.9629;0.8812;49776;OK
6;0.10;ChebyshevMetric;west-germany;0.7828;0.1446;0.0417;0.0647;49776;OK
6;0.10;EuclideanMetric;canada;0.8000;0.3833;0.0306;0.0567;54976;OK
6;0.10;EuclideanMetric;france;0.8000;0.5000;0.1211;0.1949;54976;OK
6;0.10;EuclideanMetric;japan;0.8000;0.2920;0.0795;0.1250;54976;OK
6;0.10;EuclideanMetric;uk;0.8000;0.5000;0.3239;0.3931;54976;OK
6;0.10;EuclideanMetric;usa;0.8000;0.8277;0.9686;0.8926;54976;OK
6;0.10;EuclideanMetric;west-germany;0.8000;0.2500;0.0868;0.1289;54976;OK
6;0.10;ManhattanMetric;canada;0.8119;0.4333;0.0519;0.0926;54753;OK
6;0.10;ManhattanMetric;france;0.8119;0.5909;0.1166;0.1948;54753;OK
6;0.10;ManhattanMetric;japan;0.8119;0.3934;0.1735;0.2408;54753;OK
6;0.10;ManhattanMetric;uk;0.8119;0.6077;0.3696;0.4596;54753;OK
6;0.10;ManhattanMetric;usa;0.8119;0.8364;0.9729;0.8995;54753;OK
6;0.10;ManhattanMetric;west-germany;0.8119;0.3211;0.1215;0.1763;54753;OK
6;0.20;ChebyshevMetric;canada;0.7841;0.1515;0.0149;0.0272;62934;OK
6;0.20;ChebyshevMetric;france;0.7841;0.1538;0.0207;0.0365;62934;OK
6;0.20;ChebyshevMetric;japan;0.7841;0.2315;0.0678;0.1048;62934;OK
6;0.20;ChebyshevMetric;uk;0.7841;0.4118;0.2130;0.2808;62934;OK
6;0.20;ChebyshevMetric;usa;0.7841;0.8130;0.9621;0.8813;62934;OK
6;0.20;ChebyshevMetric;west-germany;0.7841;0.2097;0.0520;0.0833;62934;OK
6;0.20;EuclideanMetric;canada;0.8038;0.3243;0.0359;0.0646;99446;OK
6;0.20;EuclideanMetric;france;0.8038;0.4154;0.1399;0.2093;99446;OK
6;0.20;EuclideanMetric;japan;0.8038;0.3689;0.1220;0.1833;99446;OK
6;0.20;EuclideanMetric;uk;0.8038;0.5516;0.3181;0.4035;99446;OK
6;0.20;EuclideanMetric;usa;0.8038;0.8294;0.9701;0.8942;99446;OK
6;0.20;EuclideanMetric;west-germany;0.8038;0.3158;0.0960;0.1472;99446;OK
6;0.20;ManhattanMetric;canada;0.8132;0.4459;0.0493;0.0888;57898;OK
6;0.20;ManhattanMetric;france;0.8132;0.5179;0.1503;0.2329;57898;OK
6;0.20;ManhattanMetric;japan;0.8132;0.3916;0.1762;0.2430;57898;OK
6;0.20;ManhattanMetric;uk;0.8132;0.5823;0.3817;0.4612;57898;OK
6;0.20;ManhattanMetric;usa;0.8132;0.8411;0.9702;0.9010;57898;OK
6;0.20;ManhattanMetric;west-germany;0.8132;0.3852;0.1880;0.2527;57898;OK
6;0.30;ChebyshevMetric;canada;0.7881;0.1316;0.0172;0.0304;60709;OK
6;0.30;ChebyshevMetric;france;0.7881;0.2105;0.0240;0.0430;60709;OK
6;0.30;ChebyshevMetric;japan;0.7881;0.2642;0.0864;0.1302;60709;OK
6;0.30;ChebyshevMetric;uk;0.7881;0.4403;0.2533;0.3216;60709;OK
6;0.30;ChebyshevMetric;usa;0.7881;0.8189;0.9597;0.8837;60709;OK
6;0.30;ChebyshevMetric;west-germany;0.7881;0.2742;0.0766;0.1197;60709;OK
6;0.30;EuclideanMetric;canada;0.8076;0.3875;0.0534;0.0938;94393;OK
6;0.30;EuclideanMetric;france;0.8076;0.4808;0.1497;0.2283;94393;OK
6;0.30;EuclideanMetric;japan;0.8076;0.3082;0.1512;0.2029;94393;OK
6;0.30;EuclideanMetric;uk;0.8076;0.5429;0.3725;0.4419;94393;OK
6;0.30;EuclideanMetric;usa;0.8076;0.8389;0.9641;0.8972;94393;OK
6;0.30;EuclideanMetric;west-germany;0.8076;0.4267;0.1441;0.2155;94393;OK
6;0.30;ManhattanMetric;canada;0.8200;0.4468;0.0723;0.1244;132202;OK
6;0.30;ManhattanMetric;france;0.8200;0.5000;0.1976;0.2833;132202;OK
6;0.30;ManhattanMetric;japan;0.8200;0.3819;0.2346;0.2906;132202;OK
6;0.30;ManhattanMetric;uk;0.8200;0.5744;0.4477;0.5032;132202;OK
6;0.30;ManhattanMetric;usa;0.8200;0.8548;0.9645;0.9064;132202;OK
6;0.30;ManhattanMetric;west-germany;0.8200;0.4953;0.2387;0.3222;132202;OK
6;0.40;ChebyshevMetric;canada;0.7938;0.2121;0.0283;0.0500;99825;OK
6;0.40;ChebyshevMetric;france;0.7938;0.3056;0.0748;0.1202;99825;OK
6;0.40;ChebyshevMetric;japan;0.7938;0.2842;0.0982;0.1459;99825;OK
6;0.40;ChebyshevMetric;uk;0.7938;0.4676;0.2559;0.3308;99825;OK
6;0.40;ChebyshevMetric;usa;0.7938;0.8228;0.9617;0.8869;99825;OK
6;0.40;ChebyshevMetric;west-germany;0.7938;0.3636;0.1031;0.1606;99825;OK
6;0.40;EuclideanMetric;canada;0.8119;0.3855;0.0648;0.1109;54513;OK
6;0.40;EuclideanMetric;france;0.8119;0.5417;0.1769;0.2667;54513;OK
6;0.40;EuclideanMetric;japan;0.8119;0.3419;0.1455;0.2041;54513;OK
6;0.40;EuclideanMetric;uk;0.8119;0.5482;0.3917;0.4569;54513;OK
6;0.40;EuclideanMetric;usa;0.8119;0.8427;0.9653;0.8998;54513;OK
6;0.40;EuclideanMetric;west-germany;0.8119;0.4058;0.1443;0.2129;54513;OK
6;0.40;ManhattanMetric;canada;0.8217;0.4362;0.0830;0.1395;55829;OK
6;0.40;ManhattanMetric;france;0.8217;0.5273;0.1973;0.2871;55829;OK
6;0.40;ManhattanMetric;japan;0.8217;0.4183;0.2327;0.2991;55829;OK
6;0.40;ManhattanMetric;uk;0.8217;0.5574;0.4587;0.5032;55829;OK
6;0.40;ManhattanMetric;usa;0.8217;0.8574;0.9635;0.9074;55829;OK
6;0.40;ManhattanMetric;west-germany;0.8217;0.4800;0.2474;0.3265;55829;OK
6;0.50;ChebyshevMetric;canada;0.7936;0.2121;0.0335;0.0579;153986;OK
6;0.50;ChebyshevMetric;france;0.7936;0.3600;0.0720;0.1200;153986;OK
6;0.50;ChebyshevMetric;japan;0.7936;0.2234;0.0950;0.1333;153986;OK
6;0.50;ChebyshevMetric;uk;0.7936;0.4978;0.2660;0.3467;153986;OK
6;0.50;ChebyshevMetric;usa;0.7936;0.8241;0.9604;0.8871;153986;OK
6;0.50;ChebyshevMetric;west-germany;0.7936;0.2308;0.0584;0.0933;153986;OK
6;0.50;EuclideanMetric;canada;0.8112;0.3636;0.0670;0.1131;57425;OK
6;0.50;EuclideanMetric;france;0.8112;0.4762;0.1600;0.2395;57425;OK
6;0.50;EuclideanMetric;japan;0.8112;0.2931;0.1538;0.2018;57425;OK
6;0.50;EuclideanMetric;uk;0.8112;0.5559;0.4014;0.4662;57425;OK
6;0.50;EuclideanMetric;usa;0.8112;0.8457;0.9625;0.9003;57425;OK
6;0.50;EuclideanMetric;west-germany;0.8112;0.3684;0.1364;0.1991;57425;OK
6;0.50;ManhattanMetric;canada;0.8228;0.4000;0.0813;0.1352;159308;OK
6;0.50;ManhattanMetric;france;0.8228;0.5349;0.1840;0.2738;159308;OK
6;0.50;ManhattanMetric;japan;0.8228;0.4069;0.2670;0.3224;159308;OK
6;0.50;ManhattanMetric;uk;0.8228;0.5862;0.4846;0.5306;159308;OK
6;0.50;ManhattanMetric;usa;0.8228;0.8596;0.9615;0.9077;159308;OK
6;0.50;ManhattanMetric;west-germany;0.8228;0.4375;0.2273;0.2991;159308;OK
6;0.60;ChebyshevMetric;canada;0.7973;0.2727;0.0452;0.0775;149850;OK
6;0.60;ChebyshevMetric;france;0.7973;0.4783;0.1028;0.1692;149850;OK
6;0.60;ChebyshevMetric;japan;0.7973;0.2637;0.1446;0.1868;149850;OK
6;0.60;ChebyshevMetric;uk;0.7973;0.4700;0.2840;0.3540;149850;OK
6;0.60;ChebyshevMetric;usa;0.7973;0.8297;0.9590;0.8896;149850;OK
6;0.60;ChebyshevMetric;west-germany;0.7973;0.3333;0.0620;0.1046;149850;OK
6;0.60;EuclideanMetric;canada;0.8150;0.3429;0.0723;0.1194;151178;OK
6;0.60;EuclideanMetric;france;0.8150;0.5313;0.1589;0.2446;151178;OK
6;0.60;EuclideanMetric;japan;0.8150;0.3302;0.2108;0.2574;151178;OK
6;0.60;EuclideanMetric;uk;0.8150;0.5756;0.4139;0.4815;151178;OK
6;0.60;EuclideanMetric;usa;0.8150;0.8484;0.9627;0.9019;151178;OK
6;0.60;EuclideanMetric;west-germany;0.8150;0.4737;0.1395;0.2156;151178;OK
6;0.60;ManhattanMetric;canada;0.8287;0.4512;0.1114;0.1787;155661;OK
6;0.60;ManhattanMetric;france;0.8287;0.5385;0.1963;0.2877;155661;OK
6;0.60;ManhattanMetric;japan;0.8287;0.3937;0.3012;0.3413;155661;OK
6;0.60;ManhattanMetric;uk;0.8287;0.6207;0.4894;0.5473;155661;OK
6;0.60;ManhattanMetric;usa;0.8287;0.8640;0.9636;0.9111;155661;OK
6;0.60;ManhattanMetric;west-germany;0.8287;0.5254;0.2403;0.3298;155661;OK
6;0.70;ChebyshevMetric;canada;0.7999;0.2264;0.0490;0.0805;130924;OK
6;0.70;ChebyshevMetric;france;0.7999;0.3333;0.0633;0.1064;130924;OK
6;0.70;ChebyshevMetric;japan;0.7999;0.3158;0.1778;0.2275;130924;OK
6;0.70;ChebyshevMetric;uk;0.7999;0.4968;0.3184;0.3881;130924;OK
6;0.70;ChebyshevMetric;usa;0.7999;0.8347;0.9580;0.8921;130924;OK
6;0.70;ChebyshevMetric;west-germany;0.7999;0.3889;0.0753;0.1261;130924;OK
6;0.70;EuclideanMetric;canada;0.8165;0.3519;0.0776;0.1271;101768;OK
6;0.70;EuclideanMetric;france;0.8165;0.3913;0.1139;0.1765;101768;OK
6;0.70;EuclideanMetric;japan;0.8165;0.3947;0.2222;0.2844;101768;OK
6;0.70;EuclideanMetric;uk;0.8165;0.5495;0.4082;0.4684;101768;OK
6;0.70;EuclideanMetric;usa;0.8165;0.8501;0.9638;0.9034;101768;OK
6;0.70;EuclideanMetric;west-germany;0.8165;0.5517;0.1720;0.2623;101768;OK
6;0.70;ManhattanMetric;canada;0.8284;0.4098;0.1020;0.1634;134887;OK
6;0.70;ManhattanMetric;france;0.8284;0.4444;0.1519;0.2264;134887;OK
6;0.70;ManhattanMetric;japan;0.8284;0.4242;0.3111;0.3590;134887;OK
6;0.70;ManhattanMetric;uk;0.8284;0.6281;0.5102;0.5631;134887;OK
6;0.70;ManhattanMetric;usa;0.8284;0.8646;0.9614;0.9104;134887;OK
6;0.70;ManhattanMetric;west-germany;0.8284;0.5306;0.2796;0.3662;134887;OK
6;0.80;ChebyshevMetric;canada;0.8025;0.2059;0.0414;0.0690;99533;OK
6;0.80;ChebyshevMetric;france;0.8025;0.3750;0.0566;0.0984;99533;OK
6;0.80;ChebyshevMetric;japan;0.8025;0.3469;0.1789;0.2361;99533;OK
6;0.80;ChebyshevMetric;uk;0.8025;0.4854;0.3165;0.3831;99533;OK
6;0.80;ChebyshevMetric;usa;0.8025;0.8361;0.9629;0.8950;99533;OK
6;0.80;ChebyshevMetric;west-germany;0.8025;0.4167;0.0862;0.1429;99533;OK
6;0.80;EuclideanMetric;canada;0.8148;0.3636;0.0710;0.1188;103035;OK
6;0.80;EuclideanMetric;france;0.8148;0.3000;0.0566;0.0952;103035;OK
6;0.80;EuclideanMetric;japan;0.8148;0.3750;0.1895;0.2517;103035;OK
6;0.80;EuclideanMetric;uk;0.8148;0.5036;0.4367;0.4678;103035;OK
6;0.80;EuclideanMetric;usa;0.8148;0.8515;0.9657;0.9050;103035;OK
6;0.80;EuclideanMetric;west-germany;0.8148;0.4375;0.1207;0.1892;103035;OK
6;0.80;ManhattanMetric;canada;0.8308;0.5000;0.1183;0.1914;103476;OK
6;0.80;ManhattanMetric;france;0.8308;0.3333;0.1132;0.1690;103476;OK
6;0.80;ManhattanMetric;japan;0.8308;0.4828;0.2947;0.3660;103476;OK
6;0.80;ManhattanMetric;uk;0.8308;0.6183;0.5127;0.5606;103476;OK
6;0.80;ManhattanMetric;usa;0.8308;0.8643;0.9661;0.9124;103476;OK
6;0.80;ManhattanMetric;west-germany;0.8308;0.5000;0.2759;0.3556;103476;OK
6;0.90;ChebyshevMetric;canada;0.8126;0.1667;0.0345;0.0571;56569;OK
6;0.90;ChebyshevMetric;france;0.8126;0.3333;0.0909;0.1429;56569;OK
6;0.90;ChebyshevMetric;japan;0.8126;0.4231;0.2200;0.2895;56569;OK
6;0.90;ChebyshevMetric;uk;0.8126;0.5652;0.3514;0.4333;56569;OK
6;0.90;ChebyshevMetric;usa;0.8126;0.8424;0.9650;0.8996;56569;OK
6;0.90;ChebyshevMetric;west-germany;0.8126;0.6000;0.1154;0.1935;56569;OK
6;0.90;EuclideanMetric;canada;0.8260;0.4000;0.0920;0.1495;59248;OK
6;0.90;EuclideanMetric;france;0.8260;0.2857;0.0909;0.1379;59248;OK
6;0.90;EuclideanMetric;japan;0.8260;0.5000;0.2400;0.3243;59248;OK
6;0.90;EuclideanMetric;uk;0.8260;0.5763;0.4595;0.5113;59248;OK
6;0.90;EuclideanMetric;usa;0.8260;0.8553;0.9687;0.9085;59248;OK
6;0.90;EuclideanMetric;west-germany;0.8260;0.6000;0.1154;0.1935;59248;OK
6;0.90;ManhattanMetric;canada;0.8446;0.6364;0.1609;0.2569;58818;OK
6;0.90;ManhattanMetric;france;0.8446;0.2500;0.0909;0.1333;58818;OK
6;0.90;ManhattanMetric;japan;0.8446;0.6786;0.3800;0.4872;58818;OK
6;0.90;ManhattanMetric;uk;0.8446;0.6557;0.5405;0.5926;58818;OK
6;0.90;ManhattanMetric;usa;0.8446;0.8717;0.9696;0.9180;58818;OK
6;0.90;ManhattanMetric;west-germany;0.8446;0.4444;0.3077;0.3636;58818;OK
